Track Name, Artist Name, Album Name,Playlist Name, Type, ISRC,FIFA Edition
Island Life,Atomic Drum Assembly,Atomic Drum Assembly,FIFA,Playlist track,UKHAV1800004,
Big Dreams,Bakar,Badkid,FIFA,Playlist track,TCACW1763006,
Jackie Chan,Bantu,Jackie Chan,FIFA,Playlist track,US23A1500862,
Tribe (with J. Cole),Bas,Milky Way,FIFA,Playlist track,USUM71810356,
Take It Easy (feat. U.S. Girls & Ledinsky),BC Unidos,Otro Mundo Es Posible,FIFA,Playlist track,SEBGA1800294,
It's Not This,Bearson,It's Not This,FIFA,Playlist track,USUS11800258,
you should see me in a crown,Billie Eilish,you should see me in a crown,FIFA,Playlist track,USUM71810049,
Heaven Only Knows,Bob Moses,Back Down,FIFA,Playlist track,GBCEL1800283,
Peach,BROODS,Peach,FIFA,Playlist track,USAT21810518,
Ordinary People (feat. JP Cooper),Bugzy Malone,B. Inspired,FIFA,Playlist track,UKJM21800014,
Another Level,Crystal Fighters,Another Level,FIFA,Playlist track,GBAHT1800521,
Feels Like Summer,Childish Gambino,Summer Pack,FIFA,Playlist track,USRC11802773,
Out the Window,Confidence Man,Confident Music for Confident People,FIFA,Playlist track,AUZEI1700011,
City Looks Pretty,Courtney Barnett,Tell Me How You Really Feel,FIFA,Playlist track,GBX721700210,
Gold Rush,Death Cab for Cutie,Gold Rush,FIFA,Playlist track,USAT21802563,
Pockets,easy life,Pockets,FIFA,Playlist track,GBGCA1700391,
Top Boy,Eyez,Square One,FIFA,Playlist track,GBLFP1804999,
Habibi,Ghali,Album,FIFA,Playlist track,IT4U11700012,
Sorcererz,Gorillaz,The Now Now,FIFA,Playlist track,GBAYE1800411,
Everytime I Run,Husky Loops,Everytime I Run,FIFA,Playlist track,QM6MZ1821803,
Love Ain't Enough,Jacob Banks,Love Ain't Enough,FIFA,Playlist track,USUM71708186,
Water (with Mahalia),Kojey Radical,Water,FIFA,Playlist track,QM4TW1876302,
Porro Maracatu - Toy Selectah Remix,LADAMA,Porro Maracatu (Toy Selectah Remix),FIFA,Playlist track,US6DR1802626,
Pa'lante,Lao Ra,Pa'lante,FIFA,Playlist track,GBARL1801035,
Warm It Up,Logic,Bobby Tarantino II,FIFA,Playlist track,USUM71802815,
Violet City,Mansionair,Violet City,FIFA,Playlist track,USYAH1700239,
Consistent,No/Me,Consistent,FIFA,Playlist track,USUM71813500,
Drama (feat. Big Data),NoMBe,They Might've Even Loved Me,FIFA,Playlist track,TCADL1865226,
Tom & Jerry,Ocean Wisdom,Wizville,FIFA,Playlist track,GB6ZW1800012,
Play God,Sam Fender,Play God,FIFA,Playlist track,GBKPL1778702,
Genius,Sia,Genius,FIFA,Playlist track,USQX91800798,
Truth Is,Stealth,Truth Is,FIFA,Playlist track,USUS11800253,
Where No One Knows Your Name,Stereo Honey,Where No One Knows Your Name,FIFA,Playlist track,GBLFP1705969,
Blue Light,SUN SILVA,Blue Light,FIFA,Playlist track,UKQD41800001,
Run Wild,Thutmose,Run Wild,FIFA,Playlist track,TCADP1872733,
Sway,Tove Styrke,Sway,FIFA,Playlist track,SEBGA1800766,
I'll Come Find You,True Ripper,True Ripper,FIFA,Playlist track,QM4TW1843311,
Musika,Yolanda Be Cool,Musika,FIFA,Playlist track,AUDCB1701137,
Border Girl,Young Fathers,Cocoa Sugar,FIFA,Playlist track,GBCFB1700590,
"1,000 Opera Singers Working in Starbucks - Radio Edit",Voka Gentle,"1,000 Opera Singers Working in Starbucks (Radio Edit)",FIFA,Playlist track,QM6N21813745,
Deadcrush,alt-J,RELAXER,FIFA,Playlist track,GB5KW1700460,
Energy,Avelino,Energy,FIFA,Playlist track,QM4TW1759708,
Wages - PHRESSSH Mix,Bad Sounds,PHRESSSH - EP,FIFA,Playlist track,GBEPN1600017,
L'Hiver Indien - Radio Edit,Baloji,L'Hiver Indien (Radio Edit),FIFA,Playlist track,GBBRP1771801,
Faded Heart,BØRNS,Faded Heart,FIFA,Playlist track,USUM71705009,
Standing In The Middle Of The Field,Cut Copy,Standing In The Middle Of The Field,FIFA,Playlist track,USUG11701010,
Tic Tac Toe,Django Django,Tic Tac Toe,FIFA,Playlist track,GBMVH1701210,
King Ruby,IDER,King Ruby,FIFA,Playlist track,TCACR1674059,
Caxambu,Karol Conká,Batuk Freak (Instrumentals),FIFA,Playlist track,GBCLQ1300024,
Top of the World,Kimbra,Top of the World,FIFA,Playlist track,USWB11701887,
Drown,Kovic,Drown,FIFA,Playlist track,GBKPL1789314,
Supercut,Lorde,Melodrama,FIFA,Playlist track,NZUM71700072,
helpline,Mura Masa,Mura Masa,FIFA,Playlist track,GBUM71701396,
The System Only Dreams in Total Darkness,The National,Sleep Well Beast,FIFA,Playlist track,GBAFL1700209,
La Ciudad,ODESZA,A Moment Apart,FIFA,Playlist track,GBCFB1700219,
Heart Attack (feat. De La Soul),Oliver,Full Circle,FIFA,Playlist track,USUM71704952,
Míol Mór Mara,Outsider,Outsider,FIFA,Playlist track,UKL8D1700019,
Slip Away,Perfume Genius,No Shape,FIFA,Playlist track,USMTD1709223,
Throw It In The Fire,Phantoms,Phantoms,FIFA,Playlist track,USUM71702854,
Live in the Moment,Portugal. The Man,Woodstock,FIFA,Playlist track,USAT21700816,
The Beautiful Game,RAC,EGO,FIFA,Playlist track,GBCFB1700092,
Dagombas en Tamale,Residente,Residente,FIFA,Playlist track,USSD11700062,
Never Enough,Rex Orange County,Apricot Princess,FIFA,Playlist track,US23A1500503,
Mean Demeanor,Run The Jewels,Mean Demeanor,FIFA,Playlist track,QZ6AM1600035,
&Run,Sir Sly,"Don't You Worry, Honey",FIFA,Playlist track,USUM71704895,
"Best Friend (feat. NERVO, The Knocks & ALISA UENO)",Sofi Tukker,"Best Friend (feat. NERVO, The Knocks & ALISA UENO)",FIFA,Playlist track,QM37X1700011,
Star Roving,Slowdive,Slowdive,FIFA,Playlist track,USJ5G1713202,
Active,Sneakbo,Brixton,FIFA,Playlist track,QM6P41792225,
Something For Your M.I.N.D.,Superorganism,Something For Your M.I.N.D.,FIFA,Playlist track,GBCEL1700514,
Yo Voy Ganao,Systema Solar,Systema Solar,FIFA,Playlist track,US7VG1331449,
Ça Va Pas La Tête?,Témé Tan,Ça Va Pas La Tête?,FIFA,Playlist track,BECE31600101,
Found What I've Been Looking For,Tom Grennan,Found What I've Been Looking For - EP,FIFA,Playlist track,GBARL1700807,
Sisyphus,Toothless,The Pace Of The Passing,FIFA,Playlist track,GBUM71605945,
Deflect the Light,Vessels,Deflect the Light,FIFA,Playlist track,GBENL1701981,
Holding On,The War On Drugs,A Deeper Understanding,FIFA,Playlist track,USAT21701230,
Get Lost,Washed Out,Get Lost,FIFA,Playlist track,US2S71787010,
Feels Like Summer,Weezer,Feels Like Summer,FIFA,Playlist track,USAT21700603,
Dangerous,The xx,I See You,FIFA,Playlist track,UK7MC1600067,
I Trusted U,Balkan Beat Box,I Trusted U,FIFA,Playlist track,QMZZY1600002,
Send Them Off!,Bastille,Send Them Off!,FIFA,Playlist track,GBUM71603418,
Slide To The Side,Beaty Heart,Till The Tomb,FIFA,Playlist track,GBEK71400170,
Be Your Love,Bishop Briggs,Be Your Love,FIFA,Playlist track,QM7G91600033,
Tearing Me Up - RAC Mix,Bob Moses,Tearing Me Up (RAC Mix),FIFA,Playlist track,GBCEL1600023,
Vowels,Capital Cities,Vowels,FIFA,Playlist track,USUG11600807,
Postpone,Catfish and the Bottlemen,The Ride,FIFA,Playlist track,GBUM71600842,
Un Sueño (feat. Aloe Blacc),Ceci Bastida,Un Sueño (feat. Aloe Blacc),FIFA,Playlist track,US66W1600040,
Explotar,Compass: Mexican Institute Of Sound + Toy Selectah,Compass,FIFA,Playlist track,US6DR1602179,
Isombard,Declan McKenna,Isombard,FIFA,Playlist track,GBARL1600922,
Shangri-La,Digitalism,Mirage,FIFA,Playlist track,GBPVV1501255,
Play It Out,DMA'S,Hills End,FIFA,Playlist track,AULI01502410,
High And Low,Empire of the Sun,High And Low,FIFA,Playlist track,AUUM71600588,
Pleasure,FRMTN,Pleasure,FIFA,Playlist track,GBAHT1600183,
Don't Stop Making It Happen,Grouplove,Big Mess,FIFA,Playlist track,USAT21601784,
Anyway,Huntar,Anyway,FIFA,Playlist track,UK8E21600501,
Surprise Yourself,Jack Garratt,Phase (Deluxe),FIFA,Playlist track,GBUM71506454,
Jusfayu (feat. No Wyld),KAMAUU,A Gorgeous Fortune EP,FIFA,Playlist track,USAT21600533,
Raging (feat. Kodaline),Kygo,Raging (feat. Kodaline),FIFA,Playlist track,SEBGA1600314,
We Got U,Lemaitre,We Got U,FIFA,Playlist track,USUM71604264,
Painting (Masterpiece),Lewis Del Mar,Painting (Masterpiece),FIFA,Playlist track,USSM11605396,
Love Songs,Lola Coca,Bad Girlfriend,FIFA,Playlist track,QM7281590038,
Moving as One,LOYAL,Moving as One,FIFA,Playlist track,US53Q1200139,
Almighty Gosh,Lucius,Good Grief,FIFA,Playlist track,USQE91500207,
Blue,Howl,Blue,FIFA,Playlist track,GBARL1600490,
Electrify,Oliver,Electrify,FIFA,Playlist track,USUM71607387,
Chariots,Paper Route,Chariots,FIFA,Playlist track,USQX91600266,
Let Me Hear You (Scream),Paul Kalkbrenner,Let Me Hear You (Scream),FIFA,Playlist track,GBARL1601149,
Same Old Blues,Phantogram,Same Old Blues,FIFA,Playlist track,USUM71605173,
Shelter,Porter Robinson,Shelter,FIFA,Playlist track,QMUY41600040,
GET OVER IT,RAT BOY,GET OVER IT,FIFA,Playlist track,GBAYE1601075,
Sto bene così,Rocco Hunt,SignorHunt - Wake Up Edition,FIFA,Playlist track,ITB001600055,
Bye Bye,SAFIA,Internal,FIFA,Playlist track,AUWA01600137,
Move,Saint Motel,Move,FIFA,Playlist track,USAT21601952,
Protocol,Society,Protocol,FIFA,Playlist track,GBUM71505215,
Satisfied,SOULS,Satisfied,FIFA,Playlist track,GBARL1600638,
Who Are You?,Spring King,Who Are You?,FIFA,Playlist track,UK4631500010,
Вера и Надежда (WIN),ST,Вера и Надежда (WIN),FIFA,Playlist track,QM4TW1613202,
Rumbera,Systema Solar,Rumbera,FIFA,Playlist track,COGY11400127,
Run,Tourist,U,FIFA,Playlist track,QMUY41500221,
Are We Ready? (Wreck),Two Door Cinema Club,Are We Ready? (Wreck),FIFA,Playlist track,GBAYE1600971,
Adrenaline,Zedd,Adrenaline,FIFA,Playlist track,USUM71607763,
Money,ZHU,GENERATIONWHY,FIFA,Playlist track,USSM11603148,
Darkest Ocean,All Tvvins,llVV,FIFA,Playlist track,GBAHT1500458,
A Little Bit Of Fear,April Towers,A Little Bit Of Fear,FIFA,Playlist track,GB9TP1500294,
Stockholm,Atlas Genius,Stockholm,FIFA,Playlist track,USWB11506890,
Conqueror,AURORA,Conqueror,FIFA,Playlist track,GBUM71506322,
Playsom,BaianaSystem,Duas Cidades,FIFA,Playlist track,US7VG1624318,
Sister Of Pearl,Baio,Sister Of Pearl,FIFA,Playlist track,USYAH1500070,
Shine A Light,BANNERS,Shine A Light,FIFA,Playlist track,USUM71509232,
Dreams,Beck,Dreams,FIFA,Playlist track,US3841500096,
Fool,BØRNS,Fool,FIFA,Playlist track,USUM71510961,
Soy Yo,Bomba Estéreo,Amanecer,FIFA,Playlist track,USSD11500075,
Tonight,Coasts,Tonight,FIFA,Playlist track,GBAHT1500360,
Omen - Radio Edit,Disclosure,Omen (Radio Edit),FIFA,Playlist track,GBUM71504534,
Slow Burn (feat. Chuck Ellis),Durante,Slow Burn,FIFA,Playlist track,QMLD61404000,
Mountain at My Gates,Foals,Mountain at My Gates,FIFA,Playlist track,GBAHT1500380,
New Rush,Gin Wigmore,New Rush,FIFA,Playlist track,AUUM71500267,
Emergency,Icona Pop,Emergency EP,FIFA,Playlist track,USAT21501475,
Yeah Yeah Yeah - Radio Edit,Jax Jones,Yeah Yeah Yeah,FIFA,Playlist track,GBUM71503714,
Tiring Game,John Newman,Revolve,FIFA,Playlist track,GBUM71503023,
Way down We Go,KALEO,Way down We Go,FIFA,Playlist track,USAT21502122,
ID - Ultra Music Festival Anthem,Kygo,ID (Ultra Music Festival Anthem),FIFA,Playlist track,SEBGA1500033,
It's Strange (feat. K.Flay),Louis The Child,It's Strange (feat. K.Flay),FIFA,Playlist track,TCACI1515173,
Trip Switch,Nothing But Thieves,Trip Switch,FIFA,Playlist track,GBARL1500590,
Let Me Know,No Wyld,Let Me Know,FIFA,Playlist track,USSM11504788,
Crystals,Of Monsters and Men,Crystals,FIFA,Playlist track,USUG11500395,
Feeling Electric,Parade of Lights,Feeling Electric,FIFA,Playlist track,USUM71500998,
Back of the Car,RAC,Back of the Car,FIFA,Playlist track,GBKPL1560373,
Crystal Express,Raury,All We Need,FIFA,Playlist track,USSM11506384,
Pretend,Seinabo Sey,Pretend,FIFA,Playlist track,SEUM71500419,
Cannonball,Skylar Grey,Cannonball,FIFA,Playlist track,USUM71510886,
Lay it Right,Speelburg,Lay it Right,FIFA,Playlist track,GBARL1500420,
Walls,Slaptop,Walls,FIFA,Playlist track,USLGZ1500090,
One Great Song and I Could Change the World,Swim Deep,One Great Song and I Could Change the World,FIFA,Playlist track,GBARL1500257,
Smile,The Royal Concept,Smile,FIFA,Playlist track,USUM71511167,
Run (feat. Lady Leshurr),Tiggs Da Author,Run (feat. Lady Leshurr),FIFA,Playlist track,GBARL1501864,
Makes A King,The Very Best,Makes A King,FIFA,Playlist track,GBGEY1400193,
Can’t Keep Checking My Phone,Unknown Mortal Orchestra,Multi-Love,FIFA,Playlist track,US38Y1526204,
Movin' up,X-Wife,Movin' Up,FIFA,Playlist track,PTQO11500012,
Gold,Years & Years,Communion,FIFA,Playlist track,GBUM71501273,
The Nights,Avicii,The Days / Nights,FIFA,Playlist track,CH3131340464,
Push (feat. Andrew Wyatt),A-Trak,Push,FIFA,Playlist track,QMSDU1400140,
Utopia (feat. Dominique Young Unique) - Vocal Edit,Bang La Decks,Utopia (feat. Dominique Young Unique),FIFA,Playlist track,GBNR51400052,
Cocoon,Catfish and the Bottlemen,Cocoon,FIFA,Playlist track,GB6TW1400027,
Uh la la,ChocQuibTown,Eso Es Lo Que Hay,FIFA,Playlist track,COSO11100558,
Crystal Ball,Death From Above 1979,The Physical World,FIFA,Playlist track,CAL451355505,
All Or Nothing (feat. Diplo & Bunji Garlin),Elliphant,Look Like You Love It,FIFA,Playlist track,USQX91302850,
Purple Light (feat. Doja Cat),Elliphant,One More,FIFA,Playlist track,USQX91401805,
Come Alive (Shining),FMLYBND,Back to Life EP,FIFA,Playlist track,TCABZ1469700,
Levanta e Anda,Emicida,O Glorioso Retorno de Quem Nunca Esteve Aqui,FIFA,Playlist track,BRX6F1300030,
16 Years,The Griswolds,Be Impressive,FIFA,Playlist track,USWU31400038,
Are You What You Want to Be?,Foster The People,Supermodel,FIFA,Playlist track,USSM11305806,
Move with You,Jacob Banks,Move With You,FIFA,Playlist track,GBAHS1400165,
Tongues,Joywave,How Do You Feel?,FIFA,Playlist track,USHR11435378,
Busy Earnin',Jungle,Busy Earnin',FIFA,Playlist track,GBBKS1400030,
stevie,Kasabian,48:13:00,FIFA,Playlist track,GBARL1400509,
Cumbia del Corazon,KINSKI GALLO,Venado,FIFA,Playlist track,USA2P1475805,
Paris,Magic Man,You Are Here,FIFA,Playlist track,USSM11305024,
Around Town,The Kooks,Listen,FIFA,Playlist track,GBUM71401785,
Imperium,Madeon,Imperium,FIFA,Playlist track,GBARL1401171,
The Valleys,The Mountains,"The Mountains, The Valleys, The Lakes",FIFA,Playlist track,DKABA1300235,
Agiborê (Fatboy Slim Presents MPB4),MPB4,Fatboy Slim Presents Bem Brasil,FIFA,Playlist track,GBUM71401751,
When the Day Comes,Nico & Vinz,Black Star Elephant,FIFA,Playlist track,USWB11402104,
Everlasting,Polock,Rising up,FIFA,Playlist track,ES7001318001,
Out Of The Blue,Prides,Out Of The Blue,FIFA,Playlist track,GBUM71400600,
Give You Up (feat. Alex Clare),Rudimental,Home (Deluxe Edition),FIFA,Playlist track,GBAHS1200495,
Wild Heart,Saint Raymond,Fall At Your Feet,FIFA,Playlist track,GBAHS1400371,
My Type,Saint Motel,My Type EP,FIFA,Playlist track,GBAYE1400856,
Sunrise,Slaptop,Sunrise,FIFA,Playlist track,USLGZ1400015,
Sunshine,Teddybears,Sunshine,FIFA,Playlist track,USAT21401515,
Pressure,Tensnake,Glow,FIFA,Playlist track,GBUM71400004,
Water Fountain,Tune-Yards,Nikki Nack,FIFA,Playlist track,GBAFL1400016,
Mess Is Mine,Vance Joy,Dream Your Life Away,FIFA,Playlist track,USAT21402865,
Wild Child (feat. J.J.) - Radio Edit,Adrian Lux,Wild Child (feat. J.J.),FIFA,Playlist track,USUS11202091,
Mais Tarde,Aláfia,Aláfia,FIFA,Playlist track,BRFPO1300005,
We Are the Ones (Own the World),Charles William,We Are the Ones (Own the World),FIFA,Playlist track,TCABW1417711,
The World Is Ours (feat. Monobloco),David Correy,The World Is Ours (feat. Monobloco),FIFA,Playlist track,TCABQ1341045,
Blackbossa,Dj Bitman,Latin Bitman,FIFA,Playlist track,US66W0701004,
Hino Vira-lata,Emicida,O Glorioso Retorno de Quem Nunca Esteve Aqui,FIFA,Playlist track,BRX6F1300032,
Life Happens,Ester Rada,Ester Rada,FIFA,Playlist track,IL4070900616,
Lambada Alucinada,Felipe Cordeiro,Se Apaixone pela Loucura do Seu Amor,FIFA,Playlist track,BRF6E1300004,
Bundalelê da Verdade,João Nabuco,Cinesamba Vol. 2,FIFA,Playlist track,BRDXY1300003,
Here's To Us,Kevin Rudolf,Here's To Us,FIFA,Playlist track,USCM51300915,
El Bendito,La Yegros,Viene de Mi,FIFA,Playlist track,GBGLW1100080,
Las Memorias Del Faro,Los Macuanos,El Origen,FIFA,Playlist track,US66W1300065,
Samba em Pliet,Luciana Oliveira,Pura,FIFA,Playlist track,BRUEZ1300004,
Who We Are,Switchfoot,Fading West,FIFA,Playlist track,USAT21302572,
Beleza! Beleza!! Beleza!!!,Trio Mocoto,Beleza! Beleza!! Beleza!!!,FIFA,Playlist track,BE6F50302220,
Just Keep Breathing,We The Kings,Somewhere Somehow,FIFA,Playlist track,QMGKG1300001,
The City - Single Version,The 1975,IV,FIFA,Playlist track,GBK3W1000182,
Get Down,AMPLIFY DOT,Get Down,FIFA,Playlist track,GBAAA1300070,
T.U.B.E.,Chinza Dopeness,T.U.B.E.,FIFA,Playlist track,JPTO01304330,
Little Games,The Colourist,Little Games,FIFA,Playlist track,USUM71308425,
Love Natural,Crystal Fighters,Cave Rave,FIFA,Playlist track,GBE7C1300107,
We Sink,CHVRCHES,The Bones Of What You Believe,FIFA,Playlist track,GBZN81300020,
F For You,Disclosure,Settle (Deluxe Version),FIFA,Playlist track,GBUM71302619,
Compliment Your Soul,Dan Croll,Compliment Your Soul,FIFA,Playlist track,GBUM71301411,
Runnin',David Dallas,Runnin',FIFA,Playlist track,NZDI11300050,
Down Town,De Staat,I_CON,FIFA,Playlist track,NLB931300430,
Alive,Empire of the Sun,Alive,FIFA,Playlist track,AUEI11300006,
My Number,Foals,Holy Fire,FIFA,Playlist track,GBAHT1200723,
I Know It's You,Guards,In Guards We Trust,FIFA,Playlist track,QMYL21200042,
I'm with You,Grouplove,Spreading Rumours,FIFA,Playlist track,USAT21301603,
Funky Futurista,Illya Kuryaki & The Valderramas,Chances,FIFA,Playlist track,ARF101200217,
Love Me Again,John Newman,Love Me Again,FIFA,Playlist track,GBUM71301538,
Boa Noite,Karol Conká,Single Boa Noite,FIFA,Playlist track,US7VG1103567,
Hot,Los Rakas,El Negrito Dun Dun & Ricardo,FIFA,Playlist track,USUM71402104,
Você Diz Que o Amor Não Dói,Marcelo D2,Nada Pode Me Parar,FIFA,Playlist track,BREMI1200231,
Don't Forget Who You Are,Miles Kane,Don't Forget Who You Are,FIFA,Playlist track,GBARL1300367,
Am Ende,OK KID,OK KID,FIFA,Playlist track,DEQ321200284,
Mechanical,Oliver,Mechanical,FIFA,Playlist track,QMSDU1300228,
Magic,Olympic Ayres,Magic,FIFA,Playlist track,TCABO1391982,
Purple Yellow Red and Blue,Portugal. The Man,Evil Friends,FIFA,Playlist track,USAT21300539,
Dreaming,Smallpools,Smallpools,FIFA,Playlist track,USRC11300650,
Worship You,Vampire Weekend,Modern Vampires of the City,FIFA,Playlist track,GBBKS1300009,
Lived A Lie,You Me At Six,Cavalier Youth,FIFA,Playlist track,GB5KW1301125,
Get Away With It,Animal Kingdom,The Looking Away,FIFA,Playlist track,USQE91200091,
Panda,Astro,Astro,FIFA,Playlist track,TCABB1167489,
If So,Atlas Genius,When It Was Now (Deluxe Edition),FIFA,Playlist track,USWB11300015,
Feud,Band of Horses,Mirage Rock,FIFA,Playlist track,USQX91201239,
"Weight of Living, Pt. II",Bastille,Bad Blood (The Extended Cut),FIFA,Playlist track,GBAAA1200638,
We Are Not Good People,Bloc Party,Four,FIFA,Playlist track,USJMZ1200063,
Champion,The Chevin,Champion,FIFA,Playlist track,GBFFA1100071,
Follow,Crystal Fighters,Star Of Love,FIFA,Playlist track,GBE7C1000010,
Professional Griefers,deadmau5,> Album Title Goes Here <,FIFA,Playlist track,GBTDG1200462,
Hail Bop,Django Django,Django Django,FIFA,Playlist track,GBMVH1100600,
Get Out While You Can,Duologue,Get Out While You Can,FIFA,Playlist track,USA561317799,
Saturday,The Enemy,Streets in the Sky,FIFA,Playlist track,GBCEJ1200161,
Got That Fire (Oh La Ha),Featurecast,Run for Cover,FIFA,Playlist track,GBFBC1200839,
Let It Roll,Flo Rida,Wild Ones,FIFA,Playlist track,USAT21202580,
See The Light - Original Mix,Foreign Beggars,The Uprising (Spotify Package),FIFA,Playlist track,GBTDG1200504,
On Top Of The World,Imagine Dragons,Continued Silence EP,FIFA,Playlist track,USUM71201073,
Bliss Out,Hadouken!,Every Weekend,FIFA,Playlist track,GB2ME1200753,
Don't Say Nothing,The Heavy,The Glorious Dead,FIFA,Playlist track,GBCFB1200112,
What Love?,Jagwar Ma,Come Save Me,FIFA,Playlist track,GBKPL1251389,
Mark IV (with Joshua Radin) (Fifa13),Joshua Radin,American Sunshine Vol. 1,FIFA,Playlist track,TCABJ1264674,
You're A Animal,Jonathan Boulet,"We Keep The Beat, Found The Sound, See The Need, Start The Heart",FIFA,Playlist track,AUUM71002629,
Club Foot,Kasabian,Discover Kasabian,FIFA,Playlist track,GBARL0400705,
Come into My Head,Kimbra,Vows,FIFA,Playlist track,USWB11200660,
G# - EP Version,Kitten,Cut It Out EP,FIFA,Playlist track,USAT21202790,
Eure Mädchen,Kraftklub,Mit K,FIFA,Playlist track,DEUM71103843,
September,St. Lucia,September EP,FIFA,Playlist track,USSM11205087,
Black White & Blue,Ladyhawke,Black White & Blue,FIFA,Playlist track,AUUM71101640,
Finale (feat. Nicholas Petricca),Madeon,Finale,FIFA,Playlist track,GBARL1200788,
Searchin,Matisyahu,Spark Seeker,FIFA,Playlist track,GBBZV1354866,
Speed The Collapse,Metric,Synthetica,FIFA,Playlist track,CARB71211203,
Paddling Out,Miike Snow,Happy to You,FIFA,Playlist track,GBARL1101489,
I'll Be Alright,Passion Pit,Gossamer,FIFA,Playlist track,USSM11202618,
Ghosts,The Presets,Ghosts,FIFA,Playlist track,AUUM71200401,
Sweet Sipping Soda,Reptar,Body Faucet (Deluxe Edition),FIFA,Playlist track,GBJET1200018,
Shine the Light,Reverend And The Makers,@Reverend_Makers,FIFA,Playlist track,GBCEJ1200096,
Fly or Die,Rock Mafia,Fly or Die,FIFA,Playlist track,US3DF1104463,
Goldrushed,The Royal Concept,The Royal Concept,FIFA,Playlist track,USUM71206203,
Wild,Royal Teeth,Glow,FIFA,Playlist track,US3R21208801,
Big Mouth,Santigold,Master of My Make-Believe (Deluxe Edition),FIFA,Playlist track,GBAHS1200085,
Jungles,Stepdad,Ordinaire EP,FIFA,Playlist track,USFYQ1102601,
Sleep Alone,Two Door Cinema Club,Sleep Alone,FIFA,Playlist track,FRU701200089,
Quesadilla,WALK THE MOON,Walk The Moon,FIFA,Playlist track,USRC11200439,
We Come Running,Youngblood Hawke,Youngblood Hawke,FIFA,Playlist track,USUM71208397,
Rain of Gold,Young Empires,Wake All My Youth,FIFA,Playlist track,USQY51233505,
Past 2,Zemaria,Past 2 EP,FIFA,Playlist track,FR9W11209833,
Open Your Eyes,Alex Metric,Open Your Eyes,FIFA,Playlist track,GBAAA1000462,
Escapee,Architecture In Helsinki,Moment Bends,FIFA,Playlist track,GBUM71100361,
La Campana (feat. Maluca),Alvin Risk,Two Strokes Raw,FIFA,Playlist track,USA2P1166034,
No Problem,Chase & Status,No More Idols,FIFA,Playlist track,GBUM71030624,
Not In Love,Crystal Castles,(II),FIFA,Playlist track,GBUM71029513,
Where I'm Going,Cut Copy,Zonoscope,FIFA,Playlist track,AUUM71001982,
Hits Me Like A Rock,CSS,Hits Me Like A Rock,FIFA,Playlist track,GBUM71104012,
Circles,Digitalism,"I Love You, Dude",FIFA,Playlist track,GBUM71102277,
Latino & Proud,DJ Raff,Latino & Proud,FIFA,Playlist track,US66W1101014,
Bombay,El Guincho,Pop Negro,FIFA,Playlist track,GBBKS1000286,
Sabor Tropical,Empresarios,Sabor Tropical,FIFA,Playlist track,USZAK1003403,
Call It What You Want,Foster The People,Torches,FIFA,Playlist track,USSM11101700,
The World Is Yours,Glasvegas,EUPHORIC /// HEARTBREAK \\\,FIFA,Playlist track,GBARL1100017,
Up Up Up,GIVERS,In Light,FIFA,Playlist track,USYAH1100272,
Stare Into the Sun,Graffiti6,Stare Into the Sun,FIFA,Playlist track,GBC3Q1000001,
Colours - Captain Cuts Remix,Grouplove,Colours,FIFA,Playlist track,USAT21101833,
Let Go,The Japanese Popstars,Let Go,FIFA,Playlist track,GBAAA1000361,
Switchblade Smiles,Kasabian,Velociraptor!,FIFA,Playlist track,GBARL1100548,
Nightlight,Little Dragon,Ritual Union,FIFA,Playlist track,GBEWK1100044,
Verstrahlt (feat. Yasha),Marteria,Zum Glück in die Zukunft,FIFA,Playlist track,DEQ321000083,
The Phoenix Alive,Monarchy,Around The Sun,FIFA,Playlist track,GBV9H1100003,
City,The Medics,City,FIFA,Playlist track,NLD321100285,
Punching In A Dream,The Naked And Famous,"Passive Me, Aggressive You",FIFA,Playlist track,NZNK11000002,
Got It All (This Can't Be Living Now),Portugal. The Man,In the Mountain in the Cloud,FIFA,Playlist track,USAT21100259,
The Big Bang,Rock Mafia,The Big Bang,FIFA,Playlist track,US3DF1011812,
Machu Picchu,The Strokes,Angles,FIFA,Playlist track,USRC11100046,
Kids,Sleigh Bells,Treats,FIFA,Playlist track,USQE91000030,
Energy,Spank Rock,Energy,FIFA,Playlist track,USA371295991,
Wreckin' Bar (Ra Ra Ra),The Vaccines,What Did You Expect from the Vaccines?,FIFA,Playlist track,GBARL1001381,
Hands,The Ting Tings,Hands,FIFA,Playlist track,GBARL1000986,
Stargazer,Thievery Corporation,Culture of Fear,FIFA,Playlist track,USESL1117705,
Will Do,TV On The Radio,Nine Types of Light (Deluxe),FIFA,Playlist track,USUM71103171,
Drownin',Tying Tiffany,Drownin',FIFA,Playlist track,DEZ901100769,
Can't Sleep - Radio Edit,Adrian Lux,Can't Sleep,FIFA,Playlist track,USUS11000384,
1977,Ana Tijoux,1977,FIFA,Playlist track,CLEE20901888,
Tighten Up,The Black Keys,Brothers,FIFA,Playlist track,USNO11000078,
Odessa,Caribou,Swim,FIFA,Playlist track,DED621000414,
Trick Pony,Charlotte Gainsbourg,IRM,FIFA,Playlist track,FR6P10901090,
El Bombo (Toquemen el Bombo),ChocQuibTown,Oro,FIFA,Playlist track,NLD751000001,
Wonder,Dan Black,UN (Special USA Edition),FIFA,Playlist track,GBUM70903376,
0 (Dospuntocero),Dapuntobeat,Off de Record,FIFA,Playlist track,MX2611000003,
It Only Takes One Night,Dum Dum Girls,I Will Be,FIFA,Playlist track,USSUB0984001,
W.A.R.R.I.O.R.,Ebony Bones!,Bone of My Bones,FIFA,Playlist track,GBGNS0900494,
Paper Romance,Groove Armada,Black Light,FIFA,Playlist track,GBCEJ0900414,
Rhinestone Eyes,Gorillaz,Plastic Beach,FIFA,Playlist track,GBAYE1000017,
Controller,Howl,Cold Water Music,FIFA,Playlist track,NOAFC1000013,
Around Us - Radio Edit,Jónsi,Around Us,FIFA,Playlist track,GBKEE1000161,
White Picket Fences,Jump Jump Dance Dance,Jump Jump Dance Dance,FIFA,Playlist track,AUNV01100306,
I Can Change,LCD Soundsystem,This Is Happening,FIFA,Playlist track,US4GE1000023,
Ace Of Hz,Ladytron,Gravity The Seducer,FIFA,Playlist track,CAN111000270,
Blackout,Linkin Park,A Thousand Suns (Bonus Edition),FIFA,Playlist track,USWB11001852,
Snowflake,Malachai,Ugly Side Of Love,FIFA,Playlist track,GBCEL0900463,
El Tigeraso,Maluca,El Tigeraso,FIFA,Playlist track,USZ4V0700113,
Record Collection,Mark Ronson,Record Collection,FIFA,Playlist track,GBARL1000459,
Splitting The Atom,Massive Attack,Heligoland,FIFA,Playlist track,GBAAA0900841,
Flash Delirium,MGMT,Congratulations,FIFA,Playlist track,USSM11000445,
Sampleame,The Pinker Tones,Modular,FIFA,Playlist track,GBHJV1000026,
Flashbacks,Ram Di Dam,A Liar To Admire Ep,FIFA,Playlist track,SEYKC0800101,
Fire With Fire,Scissor Sisters,Night Work,FIFA,Playlist track,GBUM71002122,
Êfemera,Tulipa Ruiz,Efêmera,FIFA,Playlist track,BRAGL1000020,
I Can Talk,Two Door Cinema Club,Tourist History,FIFA,Playlist track,FRU700900083,
Rules Don't Stop,We Are Scientists,Rules Don't Stop,FIFA,Playlist track,GBPVV1000422,
O.N.E,Yeasayer,ODD BLOOD,FIFA,Playlist track,US38W1021005,
The Space Ahead,Zemaria,Any Distance,FIFA,Playlist track,FR9W11003864,
Kiyakiya (Why Do You Run Away),Babatunde Olatunji,Drums of Passion,FIFA,Playlist track,NLG620453646,
Saga,Basement Jaxx,Scars,FIFA,Playlist track,GBBKS0800317,
Dipso Calypso,Buscemi,In Situ,FIFA,Playlist track,BED760909301,
The World Is All There Is,Fool's Gold,Lazy Summer by Chris Coco,FIFA,Playlist track,IT00D0903582,
Papua New Guinea,The Future Sound Of London,Accelerator,FIFA,Playlist track,GBELY0600006,
Não É Proibido,Marisa Monte,Infinito Ao Meu Redor,FIFA,Playlist track,BRONE0800020,
Say Hey (I Love You),Michael Franti & Spearhead,All Rebel Rockers,FIFA,Playlist track,USEP40806106,
In Search Of,Miike Snow,Miike Snow,FIFA,Playlist track,GBARL0900408,
Rocksteady,Rox,Memoirs,FIFA,Playlist track,GBCVZ1002776,
Bring Night,Sia,We Are Born,FIFA,Playlist track,GBPNH1000006,
Meine Stadt,Auletta,Meine Stadt,FIFA,Playlist track,DEA340900121,
Miss You,ADIAM,Miss You,FIFA,Playlist track,SEWBD0803302,
Head Straight,Alex Metric,The Head Straight EP,FIFA,Playlist track,GBCTW0900215,
It's Over! It's Over! It's Over,The Answering Machine,"Another City, Another Sorry",FIFA,Playlist track,GBYEJ0900025,
Ramallah-Tel Aviv,Balkan Beat Box,Nu Made (Remixes),FIFA,Playlist track,BE6F50800500,
Lakeside,BLK JKS,Mystery,FIFA,Playlist track,US38W0919601,
Should I stay Or Should I Blow,The BPA,I Think We're Gonna Need a Bigger Boat,FIFA,Playlist track,GBEFR0801571,
Fuego,Bomba Estéreo,Estalla,FIFA,Playlist track,DEAF70931294,
Kalemba (Wegue - Wegue),Buraka Som Sistema featuring Pongolove,Black Diamond,FIFA,Playlist track,PTSM10800033,
Fot I Hose,Casiokids,Verdens Storste Land/ Fot I Hose,FIFA,Playlist track,GBGEY0900018,
Birthday Bash,Crookers,Tons Of Friends,FIFA,Playlist track,GBEFR0901867,
Give It Up,Datarock,Red,FIFA,Playlist track,CAN110801241,
Black Wax,Dananananaykroyd,Black Wax,FIFA,Playlist track,GBDPZ0800026,
Be Somebody,The Enemy,Music For The People (Standard DMD),FIFA,Playlist track,GBAHT0900112,
Donna Famosa - (Con Skit),Fabri Fibra,Chi Vuole Essere Fabri Fibra ?,FIFA,Playlist track,ITUM70900083,
International Love,Fidel Nadal,International Love,FIFA,Playlist track,ARA770700146,
La Luz del Ritmo,Los Fabulosos Cadillacs,La Luz Del Ritmo,FIFA,Playlist track,ARFSB0800886,
Hacen Falta Dos,Macaco,Puerto Presente,FIFA,Playlist track,ES5080900258,
Hold The Line,Major Lazer,Guns Don't Kill People...Lazers Do,FIFA,Playlist track,USCJ80900280,
Daylight (feat. De La Soul) - Troublemaker Remix,Matt and Kim,Daylight,FIFA,Playlist track,US4HB0990006,
Soul Do Samba,Márcio Local,Márcio Local Says Don Day Don Dree Don Don,FIFA,Playlist track,BR1290800010,
Gold Guns Girls,Metric,Fantasies,FIFA,Playlist track,CARB70901905,
Alocatel,Mexican Institute Of Sound,Soy Sauce,FIFA,Playlist track,US66W0901421,
Kangpe,Nneka,Kangpe,FIFA,Playlist track,DEK560800015,
Moth's Wings,Passion Pit,Manners,FIFA,Playlist track,USSM10901008,
Nothing To Worry About,Peter Bjorn and John,Nothing To Worry About,FIFA,Playlist track,SEUM70801795,
Not Thinking Straight,Pint Shot Riot,Not Thinking Straight,FIFA,Playlist track,GBWNF0900009,
Download the Revolution,Rocky Dawuni,HOPE Campaign Tribute Album 2010,FIFA,Playlist track,USQY51049051,
It's What I Want,Röyksopp,Junior,FIFA,Playlist track,FRZ110802644,
She's Got Me Dancing,Tommy Sparks,Tommy Sparks,FIFA,Playlist track,GBUM70817961,
Science Of Fear,The Temper Trap,Science Of Fear,FIFA,Playlist track,GBZUZ0900003,
1517,The Whitest Boy Alive,Rules,FIFA,Playlist track,DEKM50902007,
MVP Kompa (feat. Melky),Wyclef Jean,Masquerade,FIFA,Playlist track,USSM10207913,
Vibrations,Zap Mama,ReCreation,FIFA,Playlist track,USHU20915902,
Gasoline,The Airborne Toxic Event,The Airborne Toxic Event (International Version),FIFA,Playlist track,USSE90829800,
I'm Not Gonna Teach Your Boyfriend How To Dance With You,Black Kids,I'm Not Gonna Teach Your Boyfriend How To Dance With You (eSingle),FIFA,Playlist track,GBUM70801873,
Butter,The Bloody Beetroots,Romborama,FIFA,Playlist track,USDM30900034,
Sly,The Cat Empire,Two Shoes,FIFA,Playlist track,AUTW00500001,
1ne,Caesar Palace,Dogs From V-Gas,FIFA,Playlist track,ITUM70700229,
Working Together,Chilly Gonzales,Working Together,FIFA,Playlist track,FRUM70701927,
Bonafied Lovin - Yuksek Remix,Chromeo,Bonafied Lovin,FIFA,Playlist track,GBJTP0700083,
Lights & Music,Cut Copy,In Ghost Colours,FIFA,Playlist track,AUUM70800086,
Magrela Fever,Curumin,Japan Pop Show,FIFA,Playlist track,BRAGL0700059,
Jager Yoga,CSS,Donkey,FIFA,Playlist track,USSUB0877001,
True Stories,Datarock,Red,FIFA,Playlist track,CAN110801239,
We Might Fall Apart,Disco Ensemble,First Aid Kit,FIFA,Playlist track,FIFR50600080,
Me Gustan,Dj Bitman,Latin Bitman,FIFA,Playlist track,US66W0700998,
Mercy,Duffy,Rockferry (intl Deluxe Edition),FIFA,Playlist track,GBUM70711275,
Olympic Airways,Foals,Antidotes,FIFA,Playlist track,GBKZV0725308,
Tell Me A Lie,The Fratellis,Here We Stand,FIFA,Playlist track,GBUM70805854,
That Kind Of Man,The Heavy,Great Vengeance and Furious Fire,FIFA,Playlist track,GBCFB0700600,
Ready For The Floor,Hot Chip,Made In The Dark,FIFA,Playlist track,GBAYE0703181,
Fast Fuse,Kasabian,West Ryder Pauper Lunatic Asylum,FIFA,Playlist track,GBARL0700833,
Always Where I Need To Be,The Kooks,Konk,FIFA,Playlist track,GBAAA0800033,
Runaway,Ladytron,Velocifero,FIFA,Playlist track,CAN110800032,
"I'm Good, I'm Gone",Lykke Li,Youth Novels,FIFA,Playlist track,SEVUM0800103,
Moving,Macaco,Moving,FIFA,Playlist track,ESD010800114,
Kids,MGMT,Oracular Spectacular,FIFA,Playlist track,USSM10702135,
Drive Me,Najwajean,Till It Breaks,FIFA,Playlist track,ES5080800355,
The Whistling Song,The Pinker Tones,Wild Animals,FIFA,Playlist track,GBHJV0810004,
Open Your Window,Reverend And The Makers,The State Of Things,FIFA,Playlist track,GBENL0700835,
Black & Gold,Sam Sparro,Essential Songs,FIFA,Playlist track,GBUM70800412,
The End Where I Begin,The Script,The Script,FIFA,Playlist track,GBARL0800146,
Lo Mejor Del Mundo,Señor Flavio,Supersaund 2012,FIFA,Playlist track,US66W0801080,
Victory,Soprano,Victory,FIFA,Playlist track,FRZ110801914,
Keep Your Head,The Ting Tings,We Started Nothing,FIFA,Playlist track,GBARL0800039,
Modern Drummer,Ungdomskulen,Cry-Baby,FIFA,Playlist track,DEG930720071,
Untouched,The Veronicas,Hook Me Up (US Version),FIFA,Playlist track,USWB10704602,
Muzzle #1,The Whip,X Marks Destination,FIFA,Playlist track,GBEFR0801317,
Direct Hit,Art Brut,Original Hits - Alternative,FIFA,Playlist track,GBAJH0700329,
Monster,The Automatic,Monster,FIFA,Playlist track,GBUM70600401,
Paces,Aterciopelados,Oye,FIFA,Playlist track,US66W0600707,
The Core,Babamars,Surprising Twists,FIFA,Playlist track,FR2JK0700010,
Solta O Frango,Bonde Do Role,Bonde Do Role With Lasers,FIFA,Playlist track,GBCEL0600555,
Malemolencia,Céu,Céu,FIFA,Playlist track,BRCUJ0500006,
Toura Toura - The Nav Deep Remix,Cheb i Sabbah,La Ghriba: La Kahena Remixed,FIFA,Playlist track,US6DR0600927,
From Extremely Far Away,Camp,Talking Cure,FIFA,Playlist track,CH4740600101,
Human,Carpark North,All Things To All People,FIFA,Playlist track,DKABA0500611,
Off the Hook,CSS,Cansei De Ser Sexy,FIFA,Playlist track,USSUB0671708,
Fa-Fa-Fa,Datarock,Datarock Datarock,FIFA,Playlist track,NOCFK0501040,
Pogo,Digitalism,Idealism,FIFA,Playlist track,FRU700700013,
Do Ya - 2007 Digital Remaster;2007 - Remaster;,Dover,2,FIFA,Playlist track,ES5080600566,
Into The Light,Heroes & Zeros,Strange Constellations,FIFA,Playlist track,NOUM70700143,
Goodbye Mr A,The Hoosiers,The Trick To Life,FIFA,Playlist track,GBARL0701000,
Ali In The Jungle,The Hours,Ali In The Jungle - EP,FIFA,Playlist track,USYYK0900600,
Clash,Junkie XL,Booming Back At You,FIFA,Playlist track,CAN110700908,
Out of Control (State of Emotion),Kenna,Make Sure They See My Face,FIFA,Playlist track,USUM70733255,
Human,The Killers,Human,FIFA,Playlist track,USUM70837367,
Love Abuse,Lukas Kasha,Love Abuse,FIFA,Playlist track,NOCNZ0603010,
The Unshockable,Maximo Park,Our Earthly Pleasures,FIFA,Playlist track,GBBPW0600161,
Fever Fever,Melody Club,Scream,FIFA,Playlist track,SEAMA0600557,
El Microfono,Mexican Institute Of Sound,Pinata,FIFA,Playlist track,US66W0700887,
Silikon,Modeselektor,Hello Mom!,FIFA,Playlist track,DEAE60500496,
Don't Give Up,Noisettes,Don't Give Up,FIFA,Playlist track,USUM70501962,
Don't Let Go,Pacha Massive,All Good Things,FIFA,Playlist track,US66W0600726,
Young Folks,Peter Bjorn and John,Electronic Beats Collectables Volume 1 Digital,FIFA,Playlist track,ATW050777560,
Bum Like You,Robyn,Robyn (Special Edition),FIFA,Playlist track,SEWKZ0600205,
I Believe,Simian Mobile Disco,Electronic Beats Collectables Volume 1 Digital,FIFA,Playlist track,GBDNH0700461,
Butterfly,Superbus,Wow,FIFA,Playlist track,FRZ030601030,
Drama Queen,Switches,Drama Queen,FIFA,Playlist track,GBAHS0600586,
More,The Tellers,More EP,FIFA,Playlist track,FR6V80617901,
"Color,Culture,Money,Beauty",Tigarah,"Color,Culture,Money,Beauty",FIFA,Playlist track,JPPO00758240,
Afrique,Tumi and the Volume,Tumi & The Volume,FIFA,Playlist track,FRP3B0700007,
Were You Thinking Of Me?,Yonderboi,Mole Listening Pearls - The Collection Vol. 2 (2001 - 2005),FIFA,Playlist track,DEAZ30600370,
Endlich ein Grund zur Panik,Wir Sind Helden,Endlich Ein Grund Zur Panik,FIFA,Playlist track,DEC610700531,
All My Heroes Are Weirdos,!!!,Myth Takes,FIFA,Playlist track,GBBPW0600144,
Chloroform,Belasco,Proper Rock Volume 1,FIFA,Playlist track,USA2P0764578,
Get On The Floor,Bitman & Roban,Musica Para Despues De Almuerzo,FIFA,Playlist track,US66W0500216,
Civil Sin,Boy Kill Boy,Civilian,FIFA,Playlist track,GBUM70600972,
La Cadena de Oro,Cabas,Puro Cabas,FIFA,Playlist track,COH010500174,
Get Down,Carlos Jean,Mr Miracle,FIFA,Playlist track,ES5080600240,
Sewn,Dan Gillespie Sells,Sewn,FIFA,Playlist track,GBAAN0500368,
Can't Get Enough,Infadels,We Are Not The Infadels,FIFA,Playlist track,GBCFC0500080,
Nothing In My Way,Keane,Under The Iron Sea (UK edition),FIFA,Playlist track,GBUM70600554,
Los Angeles,Malibu Stacy,G,FIFA,Playlist track,FR6V80606623,
Oh My,Mellowdrone,Box,FIFA,Playlist track,USSM10506620,
New York Minute,Mobile,Tomorrow Starts Today,FIFA,Playlist track,US28B0700616,
Gone up in Flames,Morning Runner,Gone Up In Flames,FIFA,Playlist track,GBAYE0501097,
Supermassive Black Hole,Muse,Black Holes and Revelations,FIFA,Playlist track,GBAHT0500593,
"Dear Scene, I Wish I Were Deaf",Nightmare Of You,Nightmare of You,FIFA,Playlist track,USBBH0500002,
Muzika Dlya Fil'ma,Persephone's Bees,Notes From The Underworld,FIFA,Playlist track,usx9p0900177,
Peligroso Pop,Plastilina Mosh,Tasty + B Sides,FIFA,Playlist track,MXF060300696,
Deepest Red,Ralph Myerz And The Jack Herren Band,Sharp Knives & Loaded Guns,FIFA,Playlist track,NOAHV0602040,
You Are The One,Shiny Toy Guns,We Are Pilots,FIFA,Playlist track,GBUM70604721,
GASOLINE&MATCHES,STIJN,Gasoline & Matches,FIFA,Playlist track,BEI010600100,
Big day,Tahiti 80,Fosbury,FIFA,Playlist track,FR5E70400210,
TMCR Grand Finale,The Pinker Tones,La Mujer De Mi Hermano: Music Inspired by the Film,FIFA,Playlist track,US66W0500240,
Kick This,Us3,Schizophonic,FIFA,Playlist track,GBFUU0600002,
You've Got To... - Norman Cook Mix,The Young Punx,You've Got To...,FIFA,Playlist track,GBLEA0700042,
Discotech,Young Love,Too Young To Fight It,FIFA,Playlist track,USUM70603777,
Iê Mãe Jah,duSouto,duSOUTO,FIFA,Playlist track,BRNIK0600013,
La prima volta,F4,LA PRIMA VOLTA,FIFA,Playlist track,ITA980601753,
Down in the Past - Moonbootica Remix,Mando Diao,Down In The Past [Moonbootica Remix] (Moonbootica Remix),FIFA,Playlist track,SEAMA0600016,
Big City Life,Mattafix,Signs Of A Struggle,FIFA,Playlist track,GBHTS0500001,
Dance in My Blood,"Men, Women & Children","Men, Women & Children (U.S. Version)",FIFA,Playlist track,USRE10501517,
Mas Que Nada - Radio Edit,Sérgio Mendes,Mas Que Nada,FIFA,Playlist track,GBUM70601297,
DesiRock,Swami,53431,FIFA,Playlist track,CAN110601951,
The Power Is On,The Go! Team,"Thunder, Lightning, Strike",FIFA,Playlist track,GBCSG0500231,
Whatever You Want From Life,Voicst,11-Nov,FIFA,Playlist track,NLG980600001,
Helicopter,Bloc Party,Silent Alarm,FIFA,Playlist track,GBDNH0400364,
Welcome To Jamrock,Damian Marley,Welcome to Jamrock,FIFA,Playlist track,USUM70502069,
Black And White Town,Doves,Some Cities,FIFA,Playlist track,GBDGG0400054,
Potential Futures,Duels,NY2LON,FIFA,Playlist track,GBDPZ0510017,
Gotta Reason,Hard-FI,Stars Of CCTV,FIFA,Playlist track,GBAHS0500150,
Feels Just Like It Should - Album Version (with new middle 8),Jamiroquai,Dynamite,FIFA,Playlist track,GBBBN0500470,
Now And Forever feat. Khan,Kaos,Hello Stranger,FIFA,Playlist track,DEG930500241,
Soobax,K'NAAN,The Dusty Foot Philosopher,FIFA,Playlist track,CASC80500002,
Contact,Kyo,Le Chemin / 300 Lésions,FIFA,Playlist track,FRZ050400333,
Daft Punk Is Playing At My House,LCD Soundsystem,LCD Soundsystem,FIFA,Playlist track,US4GE0400025,
Inno All Odio,Linea 77,Available For Propaganda,FIFA,Playlist track,GBBPB0500116,
God Knows,Mando Diao,Hurricane Bar,FIFA,Playlist track,SEAMR0400357,
Bir Kadın Çizeceksin,maNga,Manga +,FIFA,Playlist track,TRA160400089,
Tranquilo,Marcelinho Da Lua,Dj Kaska Presents: Global Beats,FIFA,Playlist track,ESAAI0239010,
Cosmopolitan,Nine Black Alps,Everything Is (UK edition),FIFA,Playlist track,GBAAN0500164,
Lyla,Oasis,Don't Believe The Truth,FIFA,Playlist track,GBBQY0500089,
Follow My Ruin,Röyksopp,The Understanding,FIFA,Playlist track,FRS940500066,
Run,Selasee Atiase,Run,FIFA,Playlist track,Cacc70500001,
Corpo A Corpo,Subsonica,Terrestre,FIFA,Playlist track,ITD000500178,
Cobrastyle,Teddybears,Fresh,FIFA,Playlist track,SEBGB0401010,
Be My Enemy,The Departure,Dirty Words,FIFA,Playlist track,GBAYE0401539,
Can You Touch Me - Club Mix,D.J. Pierre,Can You Touch Me,FIFA,Playlist track,DEA310907180,
11.33,The Gift,AM-FM,FIFA,Playlist track,PTLF10400036,
Strasbourg,The Rakes,Capture / Release,FIFA,Playlist track,GBBLK0500070,
My Friend Dario,Vitalic,OK Cowboy,FIFA,Playlist track,BEP010400182,
Cityzen Citysoy,Yerba Buena,Island Life,FIFA,Playlist track,USRZR0594213,
Surfing on a Rocket,Air,Talkie Walkie,FIFA,Playlist track,FRS630300094,
One Rhythm ( Da Yard Riddim Mix Featuring Vybz Kartel),Debi Nova,The Biggest Ragga Dancehall Anthems 2004,FIFA,Playlist track,GBBZV0450865,
Wants U Back,Emma Warren,Wants U Back (Enhanced),FIFA,Playlist track,GBAAN0300359,
No Roots,Faithless,No Roots,FIFA,Playlist track,GBBXH0400009,
Rock Your Body Rock,Ferry Corsten,Right Of Way Deluxe Edition,FIFA,Playlist track,NLB770300058,
Tell Her Tonight,Franz Ferdinand,Franz Ferdinand,FIFA,Playlist track,GBCEL0300191,
Vive La Vida - Remix,Gusanito,Gusanito - Grandes Éxitos,FIFA,Playlist track,ES7510920604,
Brooklyn Is Burning,Head Automatica,Decadence,FIFA,Playlist track,USWB10400452,
Sorte Grande,Ivete Sangalo,Clube Carnavalesco Inocentes Em Progresso,FIFA,Playlist track,BRMCA0300213,
A Necessidade,José Nando,fifa 2005,FIFA,Playlist track,FR93S0400001,
Esto Es Lo QueHay,Los Amigos Invisibles,The Venezuelan Zinga Son Vol. 1,FIFA,Playlist track,USA560515523,
Miss Evening,Mañana,Fast Days,FIFA,Playlist track,CH4120500002,
"Irish Blood, English Heart",Morrissey,Morrissey Greatest Hits,FIFA,Playlist track,GBBBA0742540,
An Die Wand,Nachlader,An Die Wand,FIFA,Playlist track,DEG120400277,
Blue Monday,New Order,Blue Monday,FIFA,Playlist track,GBAAP0001115,
Augen auf!,OOMPH!,Delikatessen,FIFA,Playlist track,DEC760400001,
Take Your Mama,Scissor Sisters,Scissor Sisters,FIFA,Playlist track,GBAKW0300860,
Seven Days A Week,The Sounds,Living in America,FIFA,Playlist track,SEPQA0213050,
Fit but You Know It,The Streets,Fit but You Know It,FIFA,Playlist track,GBFFS0400018,
Hot in the club,Wayne Marshall,Marshall Law,FIFA,Playlist track,USVPR0309455,
Jerk It Out,Caesars,Love For The Streets,FIFA,Playlist track,SEVBU0200002,
Under Influence,Cassius,Au Rêve,FIFA,Playlist track,FR5Y71000042,
"Promises, Promises",The Cooper Temple Clause,"Kick Up The Fire, And Let The Flames Break Loose",FIFA,Playlist track,GBARL0300284,
Train,Goldfrapp,Black Cherry,FIFA,Playlist track,GBAJH0300032,
Take A Ride - Original,The Individualist,Take A Ride,FIFA,Playlist track,ITC630300036,
L.S.F.,Kasabian,Kasabian,FIFA,Playlist track,GBARL0400609,
"Burn, Burn",lostprophets,Start Something,FIFA,Playlist track,GBEGS0300067,
Nothing but You,Paul van Dyk,Reflections,FIFA,Playlist track,DEW760300013,
That Great Love Sound,The Raveonettes,Chain Gang Of Love,FIFA,Playlist track,USSM10306382,
Fools Gold,The Stone Roses,Discover The Stone Roses,FIFA,Playlist track,GBAHJ0600002,
Já Sei Namorar,Tribalistas,Tribalistas,FIFA,Playlist track,BRONE0400012,
Two Months Off,Underworld,A Hundred Days Off,FIFA,Playlist track,GBBLK0200119,
Guten Tag,Wir Sind Helden,Tausend Wirre Worte - Lieblingslieder 2002-2010,FIFA,Playlist track,DEP240200020,
In My Mind,Antiloop,At The Rebels Room,FIFA,Playlist track,SEBKC9738014,
You Held the World in Your Arms,Idlewild,The Remote Part,FIFA,Playlist track,GBAYE0200262,
Pride,Kosheen,Resist,FIFA,Playlist track,GBAZG0010113,
Dy-Na-Mi-Tee,Ms. Dynamite,Dy-na-mi-tee,FIFA,Playlist track,GBAKW0201117,
Played-A-Live (The Bongo Song),Safri Duo,Episode ll,FIFA,Playlist track,DKBKA0100501,
Independent,Sportfreunde Stiller,Die gute Seite,FIFA,Playlist track,DEN120203568,
Never Gonna Come Back Down,BT,Movement In Still Life,FIFA,Playlist track,NLE711006092,
Redemption (Max Graham's Dead Sea Mix),Conjure One,Sleep Remixes,FIFA,Playlist track,CAN110100013,
19-2000 - Soulchild Remix,Gorillaz,Gorillaz,FIFA,Playlist track,GBAYE0100564,
Das Glockenspiel,Oliver Rohrbeck,Zeitgeist,FIFA,Playlist track,DEN129900091,
Flight 643 (Radio Edit),Tiësto,Flight 643,FIFA,Playlist track,NLE710180155,
Energy Flow - Original Radio Edit,Vitae,Energy Flow,FIFA,Playlist track,GBBCH0100003,
We Luv U,Grand Theft Audio,Blame Everyone,FIFA,Playlist track,USSI10000077,
Power to the Beats,Utah Saints,Two,FIFA,Playlist track,GBBND0000670,
Joy !,Gay Dad,Leisure Noise,FIFA,Playlist track,GBAAP9900074,
Sell Out,Reel Big Fish,Turn The Radio Off,FIFA,Playlist track,USJI10200004,
It's Only Us,Robbie Williams,In And Out Of Consciousness: Greatest Hits 1990 - 2010,FIFA,Playlist track,GBAYK9900061,
Passion - Dub Mix,Gearwhore,Drive,FIFA,Playlist track,USCN39801034,
Song 2,Blur,Blur,FIFA,Playlist track,GBAYE9600015,
Tubthumping,Chumbawamba,Tubthumper,FIFA,Playlist track,DEA349700542,
Losing You - Baio Remix,Gizmo Varillas,Losing You (Baio Remix),FIFA,Playlist track,UKEVU1800018,
Beat 54 (All Good Now),Jungle,Beat 54 (All Good Now),FIFA,Playlist track,GBBKS1800099,
Lightning,Octavian,SPACEMAN,FIFA,Playlist track,GBARL1801188,
It Makes You Forget (Itgehane),Peggy Gou,It Makes You Forget (Itgehane),FIFA,Playlist track,GBCFB1700575,
"Good to Be Home (feat. Tom Misch, Loyle Carner & Rebel Kleff)",Barney Artist,"Good to Be Home (feat. Tom Misch, Loyle Carner & Rebel Kleff)",FIFA,Playlist track,GBKPL1825438,
Automatic,Mondo Cozmo,Plastic Soul,FIFA,Playlist track,USUM71704953,
Falcon Eye,Off Bloom,Falcon Eye,FIFA,Playlist track,GBUM71700600,
Jungle (Radio Edit),Tash Sultana,Jungle (Radio Edit),FIFA,Playlist track,AUBEC1601225,
Stay With Me,The Amazons,The Amazons,FIFA,Playlist track,GBUM71604650,
Deela Ding,Leo Justi,Vira a Cara,FIFA,Playlist track,GBKPL1514248,
11 Acre,Mondo Cozmo,Plastic Soul,FIFA,Playlist track,USUM71705328,
Appeals,Bayonne,Appeals,FIFA,Playlist track,USQE91500179,
Up All Night,Beck,Up All Night,FIFA,Playlist track,US3841600117,
Youth,Glass Animals,Youth,FIFA,Playlist track,GB2DY1600029,
Porcelain,Skott,Porcelain / Wolf,FIFA,Playlist track,GBKPL1668070,
All It Ever Was,Miami Horror,All Possible Futures,FIFA,Playlist track,CADE70902655,
L.A.F,BROODS,L.A.F,FIFA,Playlist track,GBUM71403472,
Tunnel Vision (feat. Some Kinda Wonderful),Dirty South,With You,FIFA,Playlist track,GBUYR1400100,
Walk,Kwabs,Walk,FIFA,Playlist track,GBAHS1400252,
Palm Trees,Lowell,We Loved Her Dearly,FIFA,Playlist track,CAAA11312804,
Tonight,Magic Man,Before the Waves,FIFA,Playlist track,USSM11402811,
Down By The River,Milky Chance,Stolen Dance,FIFA,Playlist track,USUG11400456,
Brasil,Sante Les Amis,Sudamericana,FIFA,Playlist track,UYB141200803,
Super Critical,The Ting Tings,Super Critical,FIFA,Playlist track,USC9N1400008,
Hit It,American Authors,American Authors,FIFA,Playlist track,USUM71309216,
Here,Robert DeLong,Just Movement,FIFA,Playlist track,USYAH1200379,
The City,The 1975,The 1975,FIFA,Playlist track,GBK3W1000206,
Hearts Like Ours,The Naked And Famous,Hearts Like Ours,FIFA,Playlist track,GBUM71304340,
On Our Way,The Royal Concept,Royal,FIFA,Playlist track,USUM71306360,
Miko,The Chain Gang Of 1974,Daydream Forever,FIFA,Playlist track,USWB11302195,
Ratchet,Bloc Party,Ratchet,FIFA,Playlist track,USJMZ1300041,
Copy of a,Nine Inch Nails,Hesitation Marks (Deluxe Version),FIFA,Playlist track,USQX91301303,
"Yo x Ti, Tu x Mi",ROSALÍA,"Yo x Ti, Tu x Mi",FIFA,Playlist track,USSM11900596,
The Cracks,Another Sky,The Cracks,FIFA,Playlist track,GBUM71901106,
RUNAWAY,half•alive,RUNAWAY,FIFA,Playlist track,USRC11900826,
Ozone,JyellowL,Ozone,FIFA,Playlist track,usdy41930383,
Frens,Obongjayar,Frens,FIFA,Playlist track,QM4TX1928148,
Highway,Suzi Wu,Error 404,FIFA,Playlist track,USUG11802400,
Come Down,APRE,Come Down,FIFA,Playlist track,GBUM71901594,
Feel The Vibe,BJ The Chicago Kid,1123,FIFA,Playlist track,USUM71818743,
Erase,Cautious Clay,Erase,FIFA,Playlist track,QM7281912090,
Before The Moment's Gone,Child Of The Parish,Before The Moment's Gone,FIFA,Playlist track,QM24S1924776,
Oh My God!,Colouring,Oh My God!,FIFA,Playlist track,USUM71912305,
La Razón del Equilibrio,Danay Suarez,Viejo Sonido,FIFA,Playlist track,uscgj1969971,
Wild West,Dennis Lloyd,Wild West,FIFA,Playlist track,USQX91901892,
Phone Numbers,Dominic Fike,Phone Numbers,FIFA,Playlist track,USQX91901664,
She Don't Dance,Everyone You Know,She Don't Dance,FIFA,Playlist track,GBARL1900443,
Glu,Fieh,Glu,FIFA,Playlist track,GBUM71902628,
The Runner,Foals,The Runner,FIFA,Playlist track,GBAHT1900653,
Go Wild,Friedberg,Go Wild,FIFA,Playlist track,UKD8Z1800023,
Zulu Screams (feat. Maleek Berry & Bibi Bourelly),GoldLink,Diaspora,FIFA,Playlist track,USRC11901074,
Positive,Hot Chip,A Bath Full of Ecstasy,FIFA,Playlist track,GBCEL1900026,
He,Jai Paul,Do You Love Her Now / He,FIFA,Playlist track,GBBKS1900018,
Hearts Will Bleed,Janice,Hearts Will Bleed,FIFA,Playlist track,SE2XW1900301,
Stretch It,JB Scofield,Stretch It,FIFA,Playlist track,GBAYE1900566,
Why Did You Run?,Judah & the Lion,Why Did You Run?,FIFA,Playlist track,QMGSG1800007,
Last Night,Kamakaze,Last Night,FIFA,Playlist track,GBMA21854027,
Where Do I Begin,Kojey Radical,Cashmere Tears,FIFA,Playlist track,GBAHS1901009,
Angel,Loyle Carner,"Not Waving, But Drowning",FIFA,Playlist track,GBUM71900077,
Big Girls,Masego,Big Girls,FIFA,Playlist track,QZD5H1800101,
Save Me,MNDR,Save Me,FIFA,Playlist track,QMYPL1103501,
Funsize,Pixx,Small Mercies,FIFA,Playlist track,GBAFL1800391,
OMG,Sampa the Great,OMG,FIFA,Playlist track,GBCFB1900127,
Same Old Story,Skepta,Ignorance is Bliss,FIFA,Playlist track,QM6MZ1960812,
Swing,Sofi Tukker,Swing,FIFA,Playlist track,QM37X1900009,
Awa Ni,The Knocks,Awa Ni,FIFA,Playlist track,USAT21903166,
Favourites (feat. Little Simz),THE S.L.P.,Favourites (feat. Little Simz),FIFA,Playlist track,GBARL1900558,
Unemployed,Tierra Whack,Unemployed,FIFA,Playlist track,USUM71904255,
Beautiful People,Andreya Triana,Woman,FIFA,Playlist track,UKHNU1800007,
Vámono,Buscabulla,Vámono,FIFA,Playlist track,GBCEL1900407,
Fado,Milky Chance,Fado,FIFA,Playlist track,DEVP21900004,
Offence,Little Simz,GREY Area,FIFA,Playlist track,GBKPL1820628,
We Used To Be Friends,The Dandy Warhols,Welcome To The Monkey House,FIFA,Playlist track,USCA20300003,
Eo,Café Tacvba,Cuatro Caminos,FIFA,Playlist track,USMC10300233,
Red Morning Light,Kings of Leon,Youth And Young Manhood,FIFA,Playlist track,USRC10300638,
Town Called Malice,The Jam,The Gift,FIFA,Playlist track,GBAKW8201004,
Rain Down on Me - Tiësto Remix,Kane,What If,FIFA,Playlist track,NLA200300155,
Myxomatosis,Radiohead,Hail To the Thief,FIFA,Playlist track,GBAYE0300815,
Rhythm Bandits,Junior Senior,D-D-Don't Don't Stop the Beat,FIFA,Playlist track,DKMFA0300202,
Gute Laune,Tosca,Dehli 9,FIFA,Playlist track,DEG930200279,
Se Despierta la Ciudad,Vicentico,Vicentico,FIFA,Playlist track,ES5020200418,
Deixa A Vida Me Levar,Zeca Pagodinho,Deixa A Vida Me Levar,FIFA,Playlist track,BRMCA0200035,
Aicha,Outlandish,Bread & Barrels Of Water,FIFA,Playlist track,DKADG0201504,
Juancho,Cabas,Cabas,FIFA,Playlist track,COUM71700179,
Complicated - The Matrix Mix,Avril Lavigne,"12"" Masters - The Essential Mixes",FIFA,Playlist track,USAR10200016,
Real Fonky Time,Dax Riders,Backintown,FIFA,Playlist track,FR6V80362391,
Hide U,Kosheen,Resist (Special Edition),FIFA,Playlist track,GBAZG0010102,
Bigger And Better,Spotrunnaz,The Spotlight,FIFA,Playlist track,SEUM71900121,
To Get Down - Radio Mix,Timo Maas,Loud (Eastwest Release),FIFA,Playlist track,GBBUF0190301,
Tenshi,Gouryella,Tenshi,FIFA,Playlist track,NLB770000072,
Stop & Panic,CIRRUS,Stop & Panic,FIFA,Playlist track,USMS29800049,
Gouryella - Radio Edit,Gouryella,Gouryella,FIFA,Playlist track,NLQ880800264,
Sculptured (Used and Abused Radio Mix),Calanit,Sculptured (Do-Dee-Dee-Deem-Dum),FIFA,Playlist track,US4CF0400002,
What World (Radio Edit),Damien J. Carter,What World,FIFA,Playlist track,DEM930599990,
A Pain That I'm Used To - Jacques Lu Cont Remix,Depeche Mode,A Pain That I'm Used To (DJ Version),FIFA,Playlist track,GBAJH0502046,
Narama - Radio Edit,DT8 Project,Narama,FIFA,Playlist track,GBHDY0600350,
Never Win,Fischerspooner,Odyssey,FIFA,Playlist track,USFS20400004,
Love Is On Our Side - Original Single Edit,Frank Popp Ensemble,Love Is On Our Side,FIFA,Playlist track,DEY590400588,
The Other Way Round,Gabin,The First Ten Years,FIFA,Playlist track,IT0570400104,
Cuéntale,Ivy Queen,e5,FIFA,Playlist track,USUM50511908,
9 To 5,Lady Sovereign,Public Warning,FIFA,Playlist track,GBUM70602520,
Destroy Everything You Touch,Ladytron,Best of 00-10 [Deluxe Edition],FIFA,Playlist track,CAN111000307,
Sobremesa,Masrhón,Mucha Nada,FIFA,Playlist track,US4XR0547004,
Tijuana Makes Me Happy,Nortec: Bostich + Fussible,Tijuana Sessions Vol. 3,FIFA,Playlist track,US66W0500016,
Definition,Resin Dogs,More,FIFA,Playlist track,AUHF10700015,
Hip Hip Hooray,Sneaky Sound System,Sneaky Sound System,FIFA,Playlist track,AUQK00400001,
Chelsea,Stefy,The Orange Album,FIFA,Playlist track,USWU30600041,
Friday Night,Van Ness Wu,VDUBB_窺視版,FIFA,Playlist track,TWA470707005,
Morrow,070 Shake,Modus Vivendi,FIFA,Playlist track,USUM71905781,
MICE,Aitch,MICE,FIFA,Playlist track,GB2DY2000044,
Wish I Was Younger,Alfie Templeman,Happiness in Liquid Form,FIFA,Playlist track,GBKPL2005449,
Me Gusta (with Cardi B & Myke Towers),Anitta,Me Gusta (with Cardi B & Myke Towers),FIFA,Playlist track,USWB12000287,
Don't Turn Around,Biig Piig,Don't Turn Around,FIFA,Playlist track,GBARL2000688,
Unity,Buju Banton,Upside Down 2020,FIFA,Playlist track,QMJMT2002900,
Aloha,Carlos Sadness,Aloha,FIFA,Playlist track,ES5021901671,
Stop This Flame,Celeste,Stop This Flame,FIFA,Playlist track,GBUM71906666,
Sacrifice,Chløë Black,Sacrifice,FIFA,Playlist track,GBKPL2015876,
Cool Up,De Lux,Cool Up,FIFA,Playlist track,USD8D2070001,
BUYA,Domino Saints,BUYA,FIFA,Playlist track,QZ7R42052905,
Love Is Religion (The Blessed Madonna Remix) [Mixed],Dua Lipa,Club Future Nostalgia (DJ Mix),FIFA,Playlist track,GBAHT2000700,
Vipers,Dylan Fraser,Vipers,FIFA,Playlist track,GBAHS2000770,
01:32 AM / WALK ALONE,Everything Is Recorded,FRIDAY FOREVER,FIFA,Playlist track,GBBKS2000005,
Scatter,Fireboy DML,"Laughter, Tears & Goosebumps",FIFA,Playlist track,USUYG1281972,
Heat Waves,Glass Animals,Dreamland,FIFA,Playlist track,GBUM72000433,
ErruDumEllaHvad,ICEKIID,ErruDumEllaHvad,FIFA,Playlist track,DKADG2000433,
Does It Make You Feel Good?,Joesef,Does It Make You Feel Good?,FIFA,Playlist track,GBKPL2021192,
Ticket To Ride,KAWALA,Ticket To Ride,FIFA,Playlist track,GBUM72002246,
Beginning,LA Priest,GENE,FIFA,Playlist track,GBCEL1900351,
Manos Arriba,La Vida Bohème,Manos Arriba,FIFA,Playlist track,GBLFP2041442,
MIGHT DELETE LATER,LARRY PINK THE HUMAN,MIGHT DELETE LATER,FIFA,Playlist track,QM6MZ2093674,
been a minute,Leyma,been a minute,FIFA,Playlist track,GBKPL2010671,
Big Love (with EARTHGANG & MNDR),Louis The Child,Here For Now,FIFA,Playlist track,USUM72009940,
Don't Let The Light In,Low Island,Don't Let The Light In,FIFA,Playlist track,GBKPL2018082,
Bad Habits,Madame Gandhi,Bad Habits,FIFA,Playlist track,QM24S1836038,
Good Energy,Mike Sabath,Good Energy,FIFA,Playlist track,USWB12003352,
Water,Naïka,Water,FIFA,Playlist track,GBKPL2023456,
Who Asked You,Nia Wyn,Who Asked You,FIFA,Playlist track,TCAES2068080,
Work It Out,Nnena,Work It Out,FIFA,Playlist track,QZHTD2000008,
Switched Up,Oliver Malcolm,Switched Up,FIFA,Playlist track,USUM72002829,
Apple Juice,Oscar Lang,Apple Juice,FIFA,Playlist track,GBK3W2001379,
Like this,박혜진 Park Hye Jin,Like this,FIFA,Playlist track,GBCFB2000212,
Citizen X,Peel,Citizen X,FIFA,Playlist track,USD8D2081005,
Good Love 2.0,Priya Ragu,Good Love 2.0,FIFA,Playlist track,GBAHT2000829,
Trouble’s Coming,Royal Blood,Trouble’s Coming,FIFA,Playlist track,GBAHT2000193,
Etcetera,Steam Down,Etcetera,FIFA,Playlist track,GBUM72001900,
Window,Still Woozy,Window,FIFA,Playlist track,USUG12001158,
Is It True,Tame Impala,The Slow Rush,FIFA,Playlist track,AUUM71900933,
no14 - feat. Dani Faiv,tha Supreme,23 6451,FIFA,Playlist track,ITB001900535,
That’s All It Is,The Snuts,That’s All It Is,FIFA,Playlist track,GBAYE2000886,
No Es Mi Culpa,Trooko,No Es Mi Culpa,FIFA,Playlist track,CA5KR2095258,
SHADE,Zaia,VERY ALONE,FIFA,Playlist track,USQX91901269,
TIME - Alison Wonderland x QUIX,Alison Wonderland,TIME (Alison Wonderland x QUIX),FIFA,Playlist track,AUUM71900697,
365,Apollo Brown,"Sincerely, Detroit",FIFA,Playlist track,QM7281922476,
Baianá,Bakermat,Baianá,FIFA,Playlist track,NLE801900440,
Leaving,Bantu,Leaving,FIFA,Playlist track,GBKPL2015793,
2X2,BEAM,95,FIFA,Playlist track,USSM11905899,
St. Lucia,Big Gigantic,Free Your Mind,FIFA,Playlist track,GBCFB1900320,
ELEPHANT,BLESSUS,ELEPHANT,FIFA,Playlist track,AUUM71900698,
AIN'T IT,Bree Runway,AIN'T IT,FIFA,Playlist track,GBUM72005147,
Only 4 Tha Real,Caleborate,Hear Me Out,FIFA,Playlist track,GBKPL1958763,
Lightswitch,CHAII,Lightswitch EP,FIFA,Playlist track,NZBJ42000031,
anthems,Charli XCX,how i'm feeling now,FIFA,Playlist track,GBAHS2000220,
My Block,Che Lingo,My Block,FIFA,Playlist track,UKS3T2000003,
"Again (feat. Ms Banks, Ms Dynamite & Jaykae)",CLIPZ,"Again (feat. Ms Banks, Ms Dynamite & Jaykae)",FIFA,Playlist track,GBARL2000274,
Borracho,Daddy's Groove,Borracho,FIFA,Playlist track,NLZ541902043,
The Function,Dai Burger,Bite The Burger,FIFA,Playlist track,QMFME1909872,
Location (feat. Burna Boy),Dave,PSYCHODRAMA,FIFA,Playlist track,GBUM71900578,
ENERGY,Disclosure,ENERGY,FIFA,Playlist track,GBUM71905905,
The Difference,Flume,The Difference,FIFA,Playlist track,AUFF02000008,
Top Cat,Footsie,Top Cat,FIFA,Playlist track,FRX872006965,
Wrong Time,Hippie Sabotage,Wrong Time,FIFA,Playlist track,QM4TW2042962,
Ballie (feat. Kah-Lo),Idris Elba,Ballie (feat. Kah-Lo),FIFA,Playlist track,UKS3T1900019,
24,Jaewynn,24,FIFA,Playlist track,QZFZ22098659,
Flex (feat. JB Scofield),JB Scofield,Flex (feat. JB Scofield),FIFA,Playlist track,GBAYE2000095,
GET UP,JIMMY EDGAR,METAL / GET UP,FIFA,Playlist track,USD8D2074002,
Exit Sign,Kah-Lo,Exit Sign,FIFA,Playlist track,US5ED1900121,
On Fire,Big Zuu,Royal Rumble,FIFA,Playlist track,GBMA22097394,
Point Em Up,Kanine,Point Em Up,FIFA,Playlist track,FR59R1988146,
Win,Koder,Win,FIFA,Playlist track,GBKPL1955791,
Rapture (feat. Govana) - Remix,Koffee,Rapture (feat. Govana) [Remix],FIFA,Playlist track,GBARL1900522,
Live This Wild,Lil Mosey,Certified Hitmaker,FIFA,Playlist track,USUM71921277,
Hypnagogic (I Can't Wait),Love Regenerator,Love Regenerator 1,FIFA,Playlist track,GBARL2000018,
Jungle Queen,LP Giobbi,Jungle Queen,FIFA,Playlist track,QZFPL1900221,
Blue World,Mac Miller,Circles,FIFA,Playlist track,USWB11801009,
Fools Gold,Manga Saint Hilare,Make It Out Alive,FIFA,Playlist track,QM4TX2084794,
Tu Energia,MUSA,Tu Energia,FIFA,Playlist track,QZMZ92080666,
La Jefa,Nancy Sanchez,La Jefa,FIFA,Playlist track,QZMZ92082746,
How We Do,NAYANA IZ,How We Do,FIFA,Playlist track,GBENL1902634,
Dance Du Sol (Badapa),Niko The Kid,Dance Du Sol (Badapa),FIFA,Playlist track,NLF712000003,
Primero,Niña Dioz,Primero,FIFA,Playlist track,US66W2000652,
Lift Me Up (feat. Carla Monroe),Oliver Heldens,Lift Me Up (feat. Carla Monroe),FIFA,Playlist track,NLV5Z1900121,
Bury Me Alive,Oliver Tree,Ugly is Beautiful,FIFA,Playlist track,USAT22000467,
Fire,Onipa,Fire,FIFA,Playlist track,DEG931913536,
Broken Love,Quarantino,Broken Love,FIFA,Playlist track,CYA112000031,
Beamer (Bad Boys),Rema,Beamer (Bad Boys),FIFA,Playlist track,NGA3B2014001,
Cuss You Out,Reo Cragun,Cuss You Out,FIFA,Playlist track,QMRSZ2000440,
Tap In,Saweetie,Tap In,FIFA,Playlist track,USWB12001097,
Little Man - Exemen Works,Sia,Healing is Difficult (10th Anniversary Edition) (Deluxe),FIFA,Playlist track,GBCRL0800727,
M.I.A.,Soaky Siren,M.I.A.,FIFA,Playlist track,GBKPL2012900,
Ay Caramba,Stay Flee Get Lizzy,Ay Caramba,FIFA,Playlist track,GBUM71804645,
Pop Boy (feat. Aitch),Stormzy,Heavy Is The Head,FIFA,Playlist track,GBAHS1901411,
Poison,The Prodigy,Music For The Jilted Generation,FIFA,Playlist track,GBBKS9400116,
Grasshopper,Tkay Maidza,"Last Year Was Weird, Vol. 2",FIFA,Playlist track,AUUM72000494,
Hmmm,TrueMendous,Huh?,FIFA,Playlist track,GB6ZW2000067,
Listen To Their No,Underworld,DRIFT Series 1 Sampler Edition,FIFA,Playlist track,GB2DY1900448,
We Got That Cool (feat. Afrojack & Icona Pop),Yves V,We Got That Cool (feat. Afrojack & Icona Pop),FIFA,Playlist track,NLZ541900844,
A Teen,V.I.C,A Teen,FIFA,Playlist track,QZK6M2011006,
Followers,AREA21,Followers,FIFA,Playlist track,USHR12142090,
Motion,Luke Hemmings,Motion,FIFA,Playlist track,AUBM02100210,
Deal With It (feat. Kelis),Ashnikko,DEMIDEVIL,FIFA,Playlist track,GBAYE2000707,
Good Girls,CHVRCHES,Good Girls,FIFA,Playlist track,GBZN82100007,
Blessed,Saint Bodhi,Mad World,FIFA,Playlist track,USUM71924393,
Supercut - El-P Remix,Lorde,Supercut (El-P Remix),FIFA,Playlist track,NZUM71800139,
Bad To Me (feat. Grace Grundy),Hybrid Minds,Bad To Me (feat. Grace Grundy),FIFA,Playlist track,QM6MZ2180622,
Feet Don't Fail Me Now,Joy Crookes,Feet Don't Fail Me Now,FIFA,Playlist track,GBARL2100616,
Watch Me,Statik Selektah,The Balancing Act,FIFA,Playlist track,QM8RL2001129,
TUNG TIED (feat. Rico Nasty),LoveLeo,TUNG TIED,FIFA,Playlist track,USUG12101721,
BEN AFFLECK,seeyousoon,VIDÉ,FIFA,Playlist track,USUYG1321825,
Vibes on Tap,AC Slater,Vibes on Tap,FIFA,Playlist track,FR26V2089647,
skeletons,easy life,life's a beach,FIFA,Playlist track,GBUM72006405,
24/7,NOISY,24/7,FIFA,Playlist track,GBUM72006594,
Talk About It,Jungle,Talk About It,FIFA,Playlist track,GBKPL2144812,
U KNOW ME,COBRAH,U KNOW ME,FIFA,Playlist track,SE6AJ1900203,
Do It 4 U,Machinedrum,Human Energy,FIFA,Playlist track,GBCFB1604005,
West Ten,AJ Tracey,West Ten,FIFA,Playlist track,UKQNW2000003,
Dance the Night Away,DRS,Space Cadet EP II,FIFA,Playlist track,GBLV62009790,
Let's Get Down,Firebeatz,Let's Get Down,FIFA,Playlist track,NLZ542002065,
Who's Your Love?,Orang Utan,Who's Your Love?,FIFA,Playlist track,USUS12100143,
Westbrook (feat. Adz),Cole LC,Westbrook (feat. Adz),FIFA,Playlist track,GBARL2001313,
Well Rested,Kero Kero Bonito,Civilisation II,FIFA,Playlist track,GBKPL2141497,
U & Me (feat. Caitlyn Scarlett),84 Controller,U & Me (feat. Caitlyn Scarlett),FIFA,Playlist track,GBAHT2100111,
Tunnel,Polo & Pan,Tunnel,FIFA,Playlist track,FRPDG2100200,
Toothpaste,Wacotron,Smokin Texas,FIFA,Playlist track,CA5KR2129047,
Take Control,KREAM,Take Control,FIFA,Playlist track,CYA112000829,
Stinger,RL Grime,Stinger,FIFA,Playlist track,QMUY42100023,
Step It Up (feat. Sharlene Hector) - Zach Witness Remix,Armand Van Helden,Step It Up (feat. Sharlene Hector) [Zach Witness Remix],FIFA,Playlist track,GBCEN2000162,
STASIS,PAV4N,ALL ON BLACK,FIFA,Playlist track,UKYJJ2000047,
Say It (feat. LP Giobbi & Blush'ko),Choomba,Say It (feat. LP Giobbi & Blush'ko),FIFA,Playlist track,NLZ542100025,
Mixer - Preditah Remix,Amber Mark,Mixer (Preditah Remix),FIFA,Playlist track,GBUM71901981,
Last Chance,Casper Caan,Last Chance,FIFA,Playlist track,GBKPL2150216,
Good Times to Come,Dan D'Lion,FRUITION,FIFA,Playlist track,GBARL2100355,
GoGo!,Baauer,Aa,FIFA,Playlist track,GB5P51500060,
Fallin' Apart,Young Franco,Fallin' Apart,FIFA,Playlist track,AUNE32000133,
Don't Just Sit There. Do Something.,Manga Saint Hilare,Don't Just Sit There. Do Something.,FIFA,Playlist track,QM6P42177252,
Demba,TSHA,Demba (Demi Riquísimo Remix),FIFA,Playlist track,GBCFB2000435,
Commandments,Kah-Lo,The Arrival,FIFA,Playlist track,USSM12103095,
Brainfreeze,XVOTO,Brainfreeze,FIFA,Playlist track,QMFME2022250,
Believer,Crush Club,Believer,FIFA,Playlist track,QMS9X2100002,
Oliver Twist,ArrDee,Oliver Twist,FIFA,Playlist track,GBUM72102854,
You Shaped Hole,Baby Queen,You Shaped Hole,FIFA,Playlist track,GBUM72102651,
The Mission,Bakar,The Mission,FIFA,Playlist track,GBARL2100686,
Landline,binki,MOTOR FUNCTION,FIFA,Playlist track,US4HB2100314,
Baobá,Caio Prado,Baobá,FIFA,Playlist track,BRTCD2000028,
Eyes on the Prize,Che Lingo,Eyes on the Prize,FIFA,Playlist track,UKS3T2100010,
Inner Light,Elderbrook,Inner Light,FIFA,Playlist track,GBAYE2100859,
I Want,ENNY,I Want,FIFA,Playlist track,QM6N22127820,
Trepidation - Single Edit,Feiertag,Trepidation,FIFA,Playlist track,DEP962100018,
Summer Night,Garden City Movement,Summer Night,FIFA,Playlist track,IL4040102001,
Apartment 402,girl in red,if i could make it go quiet,FIFA,Playlist track,GBKPL2136770,
I Don't Wanna Talk (I Just Wanna Dance),Glass Animals,Dreamland (+ Bonus Levels),FIFA,Playlist track,GBUM72105458,
Free My People (feat. Simmy & Kid Cruise),Greentea Peng,Free My People (feat. Simmy & Kid Cruise),FIFA,Playlist track,GBUM72102245,
Tenfold,Harvey Causon,Tenfold,FIFA,Playlist track,GB2DY2100500,
The Hill,Hendrix Harris,The Hill,FIFA,Playlist track,QMFME2126706,
Mad,Hope Tala,Mad,FIFA,Playlist track,GBUM72103007,
Totally,Inhaler,It Won't Always Be Like This,FIFA,Playlist track,GBUM72100035,
Do You Remember The Times,ISLAND,Do You Remember the Times,FIFA,Playlist track,USJMZ2100003,
Fear No Man,Little Simz,Sometimes I Might Be Introvert,FIFA,Playlist track,GBWWP2106851,
Yesterday,Loyle Carner,Yesterday,FIFA,Playlist track,GBUM72005335,
Only One Man (with Melody's Echo Chamber),Moodoïd,Only One Man (with Melody's Echo Chamber),FIFA,Playlist track,FR6P12001710,
Seguimos,Morad,Seguimos,FIFA,Playlist track,QM4TX2148003,
fuego (feat. GABIFUEGO) - Spotify Studio 100 Recording,Musti,fuego (feat. GABIFUEGO) [Spotify Studio 100 Recording],FIFA,Playlist track,NOXPR2100003,
Love Love Love,My Morning Jacket,Love Love Love,FIFA,Playlist track,USATO2100131,
Glidin’ (feat. slowthai),Pa Salieu,Glidin’ (feat. slowthai),FIFA,Playlist track,GBAHT2100376,
Feels Like Summer,Public Order,Feels Like Summer,FIFA,Playlist track,ZZOPM2106461,
Get You Down,Sam Fender,Get You Down,FIFA,Playlist track,GBUM72103038,
seaside_demo,SEB,seaside_demo,FIFA,Playlist track,QZ93L2115464,
High Way,Shango SK,High Way,FIFA,Playlist track,QMDA62109751,
Before The Morning Comes,sir Was,Before The Morning Comes,FIFA,Playlist track,GBCSG2100053,
Lifetime (with Ty Dolla $ign & 070 Shake),Swedish House Mafia,Lifetime,FIFA,Playlist track,USUG12103398,
Act Up,Terry Presume,What Box?,FIFA,Playlist track,QM6N22185391,
The Darkness That You Fear,The Chemical Brothers,The Darkness That You Fear,FIFA,Playlist track,GBUM72101144,
Two Seater,Willow Kayne,Two Seater,FIFA,Playlist track,GBARL2001622,
The Overload,Yard Act,The Overload,FIFA,Playlist track,GBUM72105681,
Young Dumb,NOISY,Young Dumb,FIFA,Playlist track,GBUM72103397,
Body Pump (Sammy Virji Remix),Aluna,Body Pump (Sammy Virji Remix),FIFA,Playlist track,USZ4V2000427,
Out Of Lives (feat. Charlotte Haining),Ares Carter,Out Of Lives (feat. Charlotte Haining),FIFA,Playlist track,UK4ZF2100537,
Tu nicht so,badmómzjay,Tu nicht so,FIFA,Playlist track,DECE72102420,
Variation,Big Zuu,Variation,FIFA,Playlist track,US5ED2100817,
Thinkin' of You,Bklava,Thinkin' of You,FIFA,Playlist track,GBCEN2000051,
Wine It,Bluey,Wine It,FIFA,Playlist track,UKS3T2000005,
Glowed Up,Bobbie Johnson,Glowed Up,FIFA,Playlist track,TCAFS2166908,
BUZZCUT (feat. Danny Brown),BROCKHAMPTON,BUZZCUT (feat. Danny Brown),FIFA,Playlist track,USRC12100215,
HICKORY DICKORY,CHIKA,ONCE UPON A TIME,FIFA,Playlist track,USWB12004687,
Whiplash,FLOHIO,Whiplash,FIFA,Playlist track,GBKPL2164121,
Princess Cuts (feat. Young T & Bugsey),Headie One,EDNA,FIFA,Playlist track,GBARL2001151,
HyperParadise - Flume Remix (Ganz Flip),Hermitude,HyperParadise [Flume Remix (Ganz Flip)],FIFA,Playlist track,AUEF01400854,
Deleters - APRE Remix,Holy Fuck,Deleter Remixed,FIFA,Playlist track,GBKPL2096845,
Dimension (feat. Skepta & Rema),JAE5,Dimension (feat. Skepta & Rema),FIFA,Playlist track,GBARL2001625,
In The Morning,Jay Prince,CHERISH,FIFA,Playlist track,SE5VF1800116,
Describe a Vibe,Jimothy Lacoste,Jimothy's House Party Package,FIFA,Playlist track,QZHZ42149614,
Brazilian Love Song,Keys N Krates,Brazilian Love Song,FIFA,Playlist track,CAL452101301,
Ask Anyone,Lice,Ask Anyone,FIFA,Playlist track,USBWK2100052,
GEAUX,MK xyz,Sweet Spot,FIFA,Playlist track,USSM12102325,
Check The Pulse,Mr Jukes,Check The Pulse,FIFA,Playlist track,GB2DY2100104,
Shining,Neon Nights,Shining,FIFA,Playlist track,QZMEP2126115,
Out with a Bang,NVDES,Out with a Bang,FIFA,Playlist track,GBKPL2164731,
MOVES,PAV4N,MOVES,FIFA,Playlist track,UKYJJ2000052,
More Life,Odeal,More Life,FIFA,Playlist track,GBAHT2000583,
CTRL + ALT + DEL,Rêve,CTRL + ALT + DEL,FIFA,Playlist track,CAUM72100174,
Talk Of the Town,Shay D,Speaking in Tongues,FIFA,Playlist track,FR96X2131674,
SIREN,Shygirl,SIREN,FIFA,Playlist track,GBMVH2000840,
Low Notes,Verb T,The Land of the Foggy Skies,FIFA,Playlist track,GB6ZW2000142,
Just se,Yeboyah,Just se,FIFA,Playlist track,FIBAR2100090,
Party Round My Place (feat. Avelino & Toddla T),Aitch,Party Round My Place (feat. Avelino & Toddla T),FIFA,Playlist track,GB2DY2000718,
Never Come Back,Caribou,Suddenly,FIFA,Playlist track,DED622000007,
Pondicherry,DJ Snake,Pondicherry,FIFA,Playlist track,USUG12002202,
Love Me Again - Vice Remix,John Newman,Love Me Again (Remix),FIFA,Playlist track,GBUM71401452,
Titans (feat. Sia & Labrinth) - Major Lazer VIP Remix,Major Lazer,Music Is The Weapon (Remixes),FIFA,Playlist track,QMUY42100045,
Uno2Tres,Stylolive,Uno2Tres,FIFA,Playlist track,QZNJV2167396,
Workin',24kGoldn,Workin',FIFA,Playlist track,USQX91901852,
Here 4 U - Alison Wonderland x BLESSUS,Alison Wonderland,Awake,FIFA,Playlist track,AUUM71700911,
Bubblin,Anderson .Paak,Bubblin,FIFA,Playlist track,ZZOPM1800181,
3AM,Baauer,3AM,FIFA,Playlist track,GB5P51800269,
Pink Medicine,Bearson,Pink Medicine,FIFA,Playlist track,TCACF1531130,
Back to the Pump - Radio Edit,Benny Benassi,Danceaholic,FIFA,Playlist track,USUS11202246,
Broke,Birdman,Just Another Gangsta,FIFA,Playlist track,USCM51900261,
Stomper,Chris Lake,Stomper,FIFA,Playlist track,USUS11203499,
Machinist,CMD/CTRL,Machinist,FIFA,Playlist track,GBKPL1969583,
Dem Man Dere,D Double E,Jackuum,FIFA,Playlist track,QM4TX1887544,
Blackout - Radio Edit,Daddy's Groove,Blackout (Radio Edit),FIFA,Playlist track,USUS11202814,
Bomba,Deorro,Good Evening,FIFA,Playlist track,USUS11700052,
People Say,Don Diablo,FUTURE (Deluxe Edition),FIFA,Playlist track,GBKPL1795844,
High Beams,Flume,Hi This Is Flume (Mixtape),FIFA,Playlist track,AUFF01900031,
Music Money,Footsie,Music Money,FIFA,Playlist track,FR96X1920439,
Running Man - Main,Footsie,Running Man,FIFA,Playlist track,FR96X1911157,
Calorzão,Heavy Baile,Calorzão,FIFA,Playlist track,GBKPL1940712,
Glide,Hoodboi,Breathing Room,FIFA,Playlist track,QMSDU1700218,
Break the Discoteka,Don Elektron,Waxploitation Presents: Future Sounds MMXIX,FIFA,Playlist track,NLRD51831859,
Guerreia,Don Elektron,Waxploitation Presents: Future Sounds MMXIX,FIFA,Playlist track,QZHRC1900360,
Way Past Them,Ivan Ooze,Way Past Them,FIFA,Playlist track,AUNCC1800052,
Vira a Cara,Leo Justi,Vira a Cara,FIFA,Playlist track,GBKPL1514247,
Diam Riddim,Leo Justi,Waxploitation Presents: Future Sounds MMXIX,FIFA,Playlist track,QZHRC1900350,
Pros Amigo,Leo Justi,Vira a Cara,FIFA,Playlist track,GBKPL1514250,
Proximo Riddim,Brazzabelle,Waxploitation Presents: Future Sounds MMXIX,FIFA,Playlist track,NLRD51831874,
Hey LightSkin (feat. Yella Beezy),LightSkinKeisha,Hey LightSkin (feat. Yella Beezy),FIFA,Playlist track,USUYG1246859,
Interstellar,Louis The Child,Kids At Play- EP,FIFA,Playlist track,USUM71817528,
Space Jam,Louis The Child,Kids At Play- EP,FIFA,Playlist track,USUM71806530,
Breaking News (with RAYE),Louis The Child,Kids At Play- EP,FIFA,Playlist track,USUM71817531,
Waves - Hex Cougar Remix,Luna Shadows,Waves (Hex Cougar Remix),FIFA,Playlist track,USLGZ1900055,
Que Calor,Major Lazer,Que Calor,FIFA,Playlist track,QMUY41800271,
Money Good,Megan Thee Stallion,Fever,FIFA,Playlist track,QMCE31902217,
Move Me,Mura Masa,Move Me,FIFA,Playlist track,GBUM71802348,
What If I Go? (feat. Bonzai),Mura Masa,Mura Masa,FIFA,Playlist track,GBUM71701400,
Drop It (Donde Quieras),Myles Parrish,Drop It (Donde Quieras),FIFA,Playlist track,QMRSZ1901041,
Pushing Up,NSG,Pushing Up,FIFA,Playlist track,QMDA61847392,
Make Way For The King,Ohana Bam,Make Way For The King,FIFA,Playlist track,USAT21904266,
Where & When,P Money,Money Over Everyone 3,FIFA,Playlist track,QM6MZ1979290,
Type Beat,P-Lo,SHINE,FIFA,Playlist track,USUYG1255328,
Yo Quiero Beber,Young Ash,Waxploitation Presents: Future Sounds MMXIX,FIFA,Playlist track,QZHRC1900171,
Zona Oeste,Ruxell,Zona Oeste,FIFA,Playlist track,ES71G1761586,
Perfect,Sam i,Perfect,FIFA,Playlist track,QM24S1846710,
RAW,San Holo,RAW,FIFA,Playlist track,NLRD51630338,
No Advice,Skizzy Mars,Free Skizzy Mars,FIFA,Playlist track,USAT21902538,
Take It Back,Skizzy Mars,Free Skizzy Mars,FIFA,Playlist track,USAT21903886,
Doorman,slowthai,Doorman,FIFA,Playlist track,GBAKX1800022,
Peixe Voador,Tagua Tagua,Peixe Voador,FIFA,Playlist track,BRKGE1900001,
The Force,TOKiMONSTA,Half Shadows,FIFA,Playlist track,USUS11201119,
I Wish,Travis Thompson,RUNAWAYS,FIFA,Playlist track,USSM11900618,
Get the Strap,Trillary Banks,Vote 4 Trillary,FIFA,Playlist track,GBMA21859248,
love gang (feat. Charli XCX),Whethan,love gang (feat. Charli XCX),FIFA,Playlist track,USAT21701170,
Anaconda,Wolfgang Gartner,Anaconda,FIFA,Playlist track,USUS11201262,
Toma,WOST,Toma,FIFA,Playlist track,NLRD51831835,
Hustle Hard,Yizzy,Hustle Hard,FIFA,Playlist track,USA2P1947258,
Coasting,Zdot,Coasting,FIFA,Playlist track,QM4TX1850767,
Lights Go Down,Zeds Dead,Lights Go Down,FIFA,Playlist track,CAUM81700189,
Busy Child,The Crystal Method,Vegas,FIFA,Playlist track,USOR19700302,
Keep Hope Alive,The Crystal Method,Vegas,FIFA,Playlist track,USOU19700306,
More,The Crystal Method,Keep Hope Alive,FIFA,Playlist track,US95X0500003,
Now Is the Time - The Olympic Mix,The Crystal Method,Keep Hope Alive,FIFA,Playlist track,USOU19700313,
Raincry - Spiritual Thirst,God Within,Delusions of Grandeur,FIFA,Playlist track,DEZ651660065,
Rockafeller Skank,Fatboy Slim,You've Come a Long Way Baby,FIFA,Playlist track,GBBMQ9900048,
Rude Boy Rock,Lionrock,Rude Boy Rock,FIFA,Playlist track,GBARL9700576,
Gotta Learn,Danmass,FormFreaks,FIFA,Playlist track,GBSMU9155479,
Gotta Learn (Dub Pistols Sick Junkie Remix),Danmass,FIFA 99 Soundtrack,FIFA,Playlist track,GBAAP9900074,
Naked & Ashamed,Dylan Rhymes,FIFA 99 Soundtrack,FIFA,Playlist track,GBBBM9902148,
Joy !,Gay Dad,Top 100 90s,FIFA,Playlist track,GBBBY9710960,
Stop the Rock,Apollo 440,Gettin' High On Your Own Supply,FIFA,Playlist track,GBAJH9900040,
Chinese Burn - Lunatic Calm Mix,Curve,Alex Rider Stormbreaker (Music from the Motion Picture Based on the Novel by Anthony Horowitz),FIFA,Playlist track,GBCEQ1210335,
Bodyrock,Moby,Play,FIFA,Playlist track,GBFPN0607805,
Uprising,Artificial Intelligence,Uprising / Through the Gate,FIFA,Playlist track,GBWWA1500153,
Slam,Artificial Intelligence,Liquid Drum & Bass,FIFA,Playlist track,GBMKA0600010,
Baptised By Dub - Original Fire,The Criminal Minds,Baptised By Dub,FIFA,Playlist track,GBBKS0462419,
Onion Rings - VIP,Distortionz,Terrorize Your City Onion Rings,FIFA,Playlist track,GBGPZ0300010,
Stand Up Tall,Dizzee Rascal,Showtime,FIFA,Playlist track,GBBMQ0400049,
Rudebwoy,DJ Marky,In Rotation,FIFA,Playlist track,GBGNS0300027,
Jin Go Lo Ba,Fatboy Slim,Palookaville,FIFA,Playlist track,GBMKA0600008,
Happy (Fatboy Slim Mix),Max Sedgley,Happy,FIFA,Playlist track,GBBKS9600021,
Dope Style - Original Mix,Shimano,Baddest DJ Dope Style,FIFA,Playlist track,GBHLH0400001,
On A Ragga Tip ‘97 (original Mix),SL2,On A Ragga Tip ‘97,FIFA,Playlist track,USC4R0300835,
Shinjuku Drop,Taishan,Shinjuku Drop / Insider,FIFA,Playlist track,FR59R1731626,
Ya Viene El Sol,Ozomatli,Coming Up,FIFA,Playlist track,GBMKA0600017,
Fouo oh,Surchoc,Touché couillé (Les boss du zouglou),FIFA,Playlist track,GBAHT0400368,
The Feeling - Original Mix,Baobinga,The Feeling Line Like This,FIFA,Playlist track,GBBYF0450013,
Feedback Welcome,Timo Maas,Feeedback Welcome / Massive Passive,FIFA,Playlist track,US4H30400074,
On And On,Roni Size,Return to V,FIFA,Playlist track,BRTPA0100051,
Ya Lo Saben,Crooked Stilo,Puro Escándalo,FIFA,Playlist track,GBAJE0503462,
Caionagandaia,Fernanda Porto,Best Of Fernanda Porto,FIFA,Playlist track,GBBYF1600007,
Blood Fire,The Nextmen,This Was Supposed to Be the Future,FIFA,Playlist track,GBMKC0600003,
Whistleblower,Roni Size,Past & Present,FIFA,Playlist track,BRTPA0300219,
Ant Music,Hyper,We Control,FIFA,Playlist track,USWB10600454,
Acredite ou Não,Joao Marcello Boscoli,João Marcello Bôscoli & Cia.,FIFA,Playlist track,US66W0500028,
The Yeah Yeah Yeah Song,The Flaming Lips,At War With the Mystics,FIFA,Playlist track,SEAMA0500328,
Tijuana Bass,Nortec: Bostich + Fussible,Tijuana Sessions Vol. 3,FIFA,Playlist track,QMFME1420678,
Something's Got Me Started,Swingfly,Something's Got Me Started,FIFA,Playlist track,GBAHT0500214,
Rock the Boat,SHY FX,Diary of a Digital Soundboy,FIFA,Playlist track,US2P20610087,
Rock & Roll Queen,The Subways,Young For Eternity,FIFA,Playlist track,USA2P0603495,
I'm Just Raw - Reopened & Remixed,Lyrics Born,Overnite Encore: Lyrics Born Live,FIFA,Playlist track,GBAHT0900252,
Never Gonna Stop The Show,General Midi,Dj Icey Presents Y4k,FIFA,Playlist track,FITTS0400043,
Hold Your Colour - Live at Brixton Academy,Pendulum,Live at Brixton Academy,FIFA,Playlist track,USRL11004005,
Get Up,Giant Robot,Domesticity,FIFA,Playlist track,GBJVA0500050,
Gaviota,Jimmy Bosch,Soneando Trombone [Singing Trombone],FIFA,Playlist track,GBHYE0600209,
Flo Fashion,Sway,This Is My Demo,FIFA,Playlist track,AUEM00500012,
Defcom 69 (VIP),Total Science,Defcom 69 (VIP) / Rated X (C.A.B.L.E Remix),FIFA,Playlist track,GBKBH0603204,
O Yeah,End Of Fashion,End Of Fashion,FIFA,Playlist track,CAA500883301,
Babylon Rising,DJ Fresh,Escape From Planet Monday,FIFA,Playlist track,GBSJN0700007,
Astounded,Bran Van 3000,Discosis,FIFA,Playlist track,GBCFB0600005,
Rise and Shine - Craggz & Parallel Forces Remix,Artificial Intelligence,Rise & Shine (Craggz & Parallel Forces Remix),FIFA,Playlist track,GBUM70500995,
True Skool,Coldcut,Sound Mirrors,FIFA,Playlist track,GBGPZ0600006,
Suzie,Boy Kill Boy,Civilian,FIFA,Playlist track,GBCEQ1210385,
No Time 2 Love,DJ Marky,No Time 2 Love / Codename:A1,FIFA,Playlist track,GBGAC0500001,
No Return,Artificial Intelligence,"Retrospect, Vol. 2 (Compiled by Bryan Gee)",FIFA,Playlist track,BRTPA0500792,
Munich,Editors,The Back Room,FIFA,Playlist track,BRAGL0300007,
Made In Bahia,DJ Patife,Na Estrada,FIFA,Playlist track,GBGPZ0500014,
Guerreiro,Curumin,Achados e Perdidos,FIFA,Playlist track,USFI20103911,
Going Deaf,DJ Marky,Going Deaf,FIFA,Playlist track,GBKBH0603211,
Futurismo Y Tradición,Café Tacvba,El Mas Grande Homenaje A Los Tigres Del Norte (Reissue),FIFA,Playlist track,GBGTN0500017,
Funk Academy,DJ Fresh,Escape From Planet Monday,FIFA,Playlist track,QMDC61300336,
Formed a Band,Art Brut,Top Of The Pops,FIFA,Playlist track,GBBKS0700178,
Samba De Flora,Airto,Samba De Flora,FIFA,Playlist track,CAN110701806,
Boyz,M.I.A.,Kala (Expanded),FIFA,Playlist track,USTC30713982,
Booming Right At You,Junkie XL,Booming Back At You,FIFA,Playlist track,GBAAA0701970,
Don't Stop,Innerpartysystem,The Download EP,FIFA,Playlist track,GBAAA0701626,
Battle Royale,"Does It Offend You, Yeah?",You Have No Idea What You're Getting Yourself Into,FIFA,Playlist track,PTBK10600003,
We Are Rockstars,"Does It Offend You, Yeah?",You Have No Idea What You're Getting Yourself Into,FIFA,Playlist track,DEAA20400025,
Yah!,Buraka Som Sistema,From Buraka to the World,FIFA,Playlist track,GBBKS0700081,
We Interrupt This Program - Interrupted Vocal Mix,Coburn,5 Years of Great Stuff,FIFA,Playlist track,GBCFB0700400,
BirdFlu,M.I.A.,Kala (Expanded),FIFA,Playlist track,USBDW0600066,
Red Laser Beam,Hexstatic,When Robots Go Bad,FIFA,Playlist track,USA2P0611119,
Bombeiro,Wax Poetic,Brasil,FIFA,Playlist track,GBJJY0700001,
Wanna Be A Star,Walter Meego,Romantic,FIFA,Playlist track,GBCSG0700035,
Crocodile,Underworld,Oblivion With Bells,FIFA,Playlist track,NOCFK0501020,
Grip Like A Vice,The Go! Team,Proof of Youth (Special Edition),FIFA,Playlist track,GBCFB0700412,
The Tigerpicks - Disco Punk Electro Funk,,,FIFA,Playlist track,GBCFB0700402,
I used to dance with my daddy,Datarock,Datarock Datarock,FIFA,Playlist track,DEY470921600,
Bust,Hexstatic,When Robots Go Bad,FIFA,Playlist track,USOM80725407,
Tokyo Traffic,Hexstatic,When Robots Go Bad,FIFA,Playlist track,GBJJY0700016,
Asian Dub Foundation - Stop Start,,,FIFA,Playlist track,DEAA20500028,
coburn-we inturupt this program feat solid state,,,FIFA,Playlist track,CAL450794317,
J2K ft. NoBizzi - Yeah Yeah (better quality),,,FIFA,Playlist track,USOM80725301,
Fancy Footwork - Zdar Dub & Pee Thugg Edit,Chromeo,Fancy Footwork Remixes,FIFA,Playlist track,GBBMQ0700034,
Kick It Complex - Bassnectar Remix,Bassnectar,Underground Communication,FIFA,Playlist track,ES6390200382,
Holding The Moth - Oliver Hunteman Remix,Underworld,Crocodile,FIFA,Playlist track,USOM80726602,
We Interrupt This Program - Jean Claude Ades Remix,Coburn,We Interrupt This Program (The House Remixes),FIFA,Playlist track,CAN110700268,
Fancy Footwork - D.I.M. Remix,Chromeo,Fancy Footwork Remixes,FIFA,Playlist track,GBFBC1100697,
Yo - Speaker Junk's Jackin' Brazilian Rave Remix,Bassnectar,Yo,FIFA,Playlist track,GBAFL1100260,
Let the Beats Roll (feat. Simon Franks) - Rennie Pilgrem Mix,Tim Deluxe,Let the Beats Roll (feat. Simon Franks),FIFA,Playlist track,GBCJY1100166,
Forro in the Dark,DJ Kaska,Presents: Global Beats,FIFA,Playlist track,US6DR1001613,
Bomb the Blocks - Ghislain Poirier Remix,Bassnectar,Bomb the Blocks,FIFA,Playlist track,US8JX1100052,
I Used To Dance With My Daddy - Subsource Remix,Datarock,I Used To Dance With My Daddy - EP,FIFA,Playlist track,US8JX1100057,
Queen Bee,The Beekeepers,Apiculture,FIFA,Playlist track,AUNE31100072,
Hit the Ground (Superman),The Big Pink,Future This,FIFA,Playlist track,USUS11200273,
The Lesson,Camo & Krooked,Cross The Line,FIFA,Playlist track,GBBMQ1100183,
Dub Reflex,Celt Islam,Generation Bass Presents: Transnational Dubstep,FIFA,Playlist track,GB7YL1101003,
Devil Is a Lady,The Chain Gang Of 1974,Wayward Fire,FIFA,Playlist track,GBDGN0900803,
Undercover,The Chain Gang Of 1974,Wayward Fire,FIFA,Playlist track,AUUM70900689,
I'm a Drum Machine (Step Up) - Instrumental,Denzal Park,I'm a Drum Machine (Step Up) [Remixes],FIFA,Playlist track,GBWRD1000009,
Let's Go! - Vocal Mix,Drop The Lime,Lets Go!,FIFA,Playlist track,GBCEL1100207,
Ya Mama (Push the Tempo) - Moguai Remix,Fatboy Slim,Ya Mama (Push the Tempo) [MOGUAI Remix],FIFA,Playlist track,USDM31100089,
What's Good,Foreign Beggars,The Harder They Fall EP,FIFA,Playlist track,GBEUE1002103,
Go Hard - Radio Version,Fugative,Go Hard,FIFA,Playlist track,USA371347518,
Still Standing,Hilltop Hoods,Still Standing,FIFA,Playlist track,GBCEN1000685,
All + All Together,Kano,Method To The Maadness,FIFA,Playlist track,GBCEN1100196,
Anne - Parker Remix,Malachai,Anne,FIFA,Playlist track,AUNE31000121,
The Amazons (feat. Ze),Mustard Pimp,No Title Or Purpose,FIFA,Playlist track,GBUM71302629,
Un Canto a Mi Tierra - Cut Chemist Remix,Quantic and His Combo Barbaro,Caliventura (Remixes),FIFA,Playlist track,QM4TX1970040,
Car Song,Spank Rock,Everything is Boring & Everyone is a F---ing Liar,FIFA,Playlist track,QMCE31902088,
Badman Riddim (Jump) (feat. Foreign Beggars) - Club Mix,Vato Gonzalez,Badman Riddim (Jump) (feat. Foreign Beggars),FIFA,Playlist track,QM6P41740632,
Unorthodox - Radio Edit,Wretch 32,Unorthodox (feat Example),FIFA,Playlist track,USUS11201921,
I'm A Drum-Machine (Radio Edit),Denzal Park,I'm A Drum-Machine,FIFA,Playlist track,USSM11806879,
Confess To Me,Disclosure,Settle (Deluxe),FIFA,Playlist track,FR6V81957203,
Roots,Aaron Aye,F.E.A.R.,FIFA,Playlist track,PTEN10900020,
Be the One (with Kaskade),Cheat Codes,Be the One (with Kaskade),FIFA,Playlist track,GBUM70904756,
On My Mind (Preditah Vip Mix),Jorja Smith,On My Mind (Preditah VIP Mix),FIFA,Playlist track,ushm80923469,
MIA to LAS,Kaskade,Atmosphere,FIFA,Playlist track,AUUM70903413,
Come Again (feat. Giggs),Swizz Beatz,Come Again (feat. Giggs),FIFA,Playlist track,GBZAB0800010,
International Riche Afrique,Baaba Maal,"International riche Afrique, vol. 1",FIFA,Playlist track,USUM71002320,
Restless - Original,Buraka Som Sistema,Restless,FIFA,Playlist track,US66W0901590,
Drumming Song,Florence + The Machine,Lungs (Deluxe Version),FIFA,Playlist track,US6DR0901471,
Oh Yeah,Gang Of Instrumentals,Round 3,FIFA,Playlist track,USUM71008989,
Ones Who Fly Twos Who Die,Jonathan Boulet,Jonathan Boulet,FIFA,Playlist track,USTCE1088862,
Winner,Kid British,Winner,FIFA,Playlist track,USC4R1021096,
Wavin' Flag - Coca-Cola® Celebration Mix,K'NAAN,Wavin' Flag (UK Celebration Mix),FIFA,Playlist track,DKBQ90601104,
The Instrumento,Dj Bitman,Colour,FIFA,Playlist track,NLBV20900082,
Atomizer - Pathaan's Dhol Mix,Midival Punditz,Atomizer Remixes,FIFA,Playlist track,GBWDF0902904,
Strong Will Continue,"Nas & Damian ""Jr. Gong"" Marley",Distant Relatives,FIFA,Playlist track,DKBQ90600103,
African Reggae Fever,Rocky Dawuni,Hymns for the Rebel Soul,FIFA,Playlist track,USTBD0900020,
Emorio,Sérgio Mendes,Bom Tempo,FIFA,Playlist track,GB29N1100002,
Fragment 8 - The Sound of Swing,Kenneth Bager,"Music for Dreams: Best Of, Vol. 1 (Compiled and Mixed by Phil Mison)",FIFA,Playlist track,USRC11501135,
Wild'n Raw,Fedde Le Grand,Output,FIFA,Playlist track,GBCLQ1000044,
Last Rhythm (Original Club Mix),Last Rhythm,Last Rhythm,FIFA,Playlist track,USQX91402169,
Fragment Eight... The Sound of Swing (feat. The Hellerup Cool School Choir),Kenneth Bager,Best Of Electro Swing by Bart&Baker (The Finest Electronic Jazz Swing Selection),FIFA,Playlist track,BR4T11000007,
Percussion Gun,White Rabbits,Best Of The Bands 2,FIFA,Playlist track,QMJMT1500664,
Warm Heart of Africa - So Shifty Remix,The Very Best,Warm Heart Of Africa (The Remixes),FIFA,Playlist track,SEPQA1300173,
Like a River Runs,Bleachers,"Terrible Thrills, Vol. 2",FIFA,Playlist track,USRC11400285,
Ozonio,Dom Um And Jadir De Castro,Ginga: the Sound of Brazilian Football (Mr Bongo presents),FIFA,Playlist track,US7VG1320420,
Animal,HAERTS,Everybody Here Wants You,FIFA,Playlist track,US66W1101118,
Beaver,Holger,Sunga,FIFA,Playlist track,GB5CD1503404,
Uh Huh,RØMANS,Overthinking – Pt. 1,FIFA,Playlist track,USLD91703534,
Pumpin Blood,NONONO,We Are Only What We Feel,FIFA,Playlist track,QM7EH1400003,
We Are One (Ole Ola) [The Official 2014 FIFA World Cup Song] (feat. Jennifer Lopez & Claudia Leitte),Pitbull,Globalization,FIFA,Playlist track,GB7TP1300262,
Caminho,Rael,Ainda Bem Que Eu Segui as Batidas do Meu Coração,FIFA,Playlist track,TCABU1436318,
Brazil,Ritmo Machine,Amazing World Music Performances,FIFA,Playlist track,DEDU20700063,
African Thriller,Rocky Dawuni,Branches of the Same Tree,FIFA,Playlist track,USAT20801350,
KIDS,SAINTS OF VALORY,KIDS,FIFA,Playlist track,IL1080708106,
March: Hills to Climb,Tim Myers,The Year,FIFA,Playlist track,CAN110701811,
Children of the Sun (feat. John Martin),Tinie Tempah,Demonstration,FIFA,Playlist track,GBSXY0800023,
Like Tonight,Max & Simon,Max & Simon,FIFA,Playlist track,GBDGG0600063,
Don't Believe the Hype,Boys Noize,Oi Oi Oi,FIFA,Playlist track,ES7090620001,
I'm Not Over,Carolina Liar,Coming To Terms (UK Version),FIFA,Playlist track,AUOY10700023,
Becoming Insane,Infected Mushroom,Vicious Delicious,FIFA,Playlist track,GBPKZ0700141,
Mad Pursuit,Junkie XL,Booming Back At You,FIFA,Playlist track,GBLDX0700017,
Love The World - Original Mix,Karoshi Bros,Love The World,FIFA,Playlist track,USGRT0600003,
Take a Chance,The Magic Numbers,Those The Brokes,FIFA,Playlist track,GBENR0700008,
The Boola Shines In The Pink Neon Room,Mendetz,Mendetz,FIFA,Playlist track,FRU700700093,
Get What You Want,Operator Please,Yes Yes Vindictive,FIFA,Playlist track,GBPFE0800004,
Come On Feet,Pete And The Pirates,Little Death,FIFA,Playlist track,CAL450896206,
I'm Not Sorry,The Pigeon Detectives,Wait for Me,FIFA,Playlist track,GBLEA0700066,
I Will Wander,The Features,Contrast,FIFA,Playlist track,FRZ110701248,
Get It Boy,The Magnificents,Year Of Explorers,FIFA,Playlist track,GBCFB0304101,
À cause des garçons - Riot in Belgium Remix,Yelle,Kitsuné: À cause des garçons (Remixes),FIFA,Playlist track,GBCFB0302013,
Casualty,Look See Proof,The fabelhafte Weekender Compilation 2008,FIFA,Playlist track,GBCFB0400379,
Air War,Crystal Castles,Crystal Castles,FIFA,Playlist track,GBCFB0400621,
Your Music Is Killing Me,The Young Punx,Your Music Is Killing Me,FIFA,Playlist track,CAL451349001,
A cause des garçons,Yelle,Pop Up,FIFA,Playlist track,USTC70864461,
Pick Up,Bonobo,Dial 'M' for Monkey,FIFA,Playlist track,IEAAK0500003,
Day,Jaga Jazzist,The Stix,FIFA,Playlist track,GBAHS0500002,
Nighty Night,Wagon Christ,Sorry I Make You Lush,FIFA,Playlist track,NLA329717841,
Chase Me,Hexstatic,Master-View,FIFA,Playlist track,USDW10300651,
Two Step,Bear Mountain,Xo,FIFA,Playlist track,GBBMQ0300176,
Watermelon,The Boxer Rebellion,Exits,FIFA,Playlist track,GBBMQ0300106,
To The Bright and Shining Sun,The Walls,Hector's Mix Tape,FIFA,Playlist track,ISC110300107,
Do You Love Yourself?,The Glitterati,The Glitterati,FIFA,Playlist track,GBAAN0300216,
Billy Club,Junkie XL,Saturday Teenage Kick,FIFA,Playlist track,GBCFB0600900,
Forca,Nelly Furtado,Folklore,FIFA,Playlist track,USUM70604518,
Way of Life,Dave Clarke,Devil's Advocate,FIFA,Playlist track,CAL660400010,
Come Let Me Know (feat. Rodney P),Freq Nasty,Bring Me the Head of Freq Nasty,FIFA,Playlist track,GBEPM0500258,
The long face,Mínus,Halldór Laxness,FIFA,Playlist track,USOM80621601,
Baby's Come Back,Span,Mass Distraction (International version),FIFA,Playlist track,GBEQT0610014,
Jain Rock,Baikonour,Topo Gigio vs. Baikonour,FIFA,Playlist track,USOM80620404,
Nightlite,Bonobo,Days To Come,FIFA,Playlist track,USESL0610109,
Le Territoire,Brazilian Girls,Talk To La Bomb,FIFA,Playlist track,USC4R0506131,
Two Hoboes,Champion,Chill' Em All,FIFA,Playlist track,USC4R0506242,
Indigo,Yunus Güvenen,Layered Sounds 2,FIFA,Playlist track,,
Runaway,Andy Caldwell,Universal Truth,FIFA,Playlist track,,
Two Phish,Osunlade,Aquarian Moon,FIFA,Playlist track,,
Salsa Pico de Gallo,Uneaq,Om: Miami 2006,FIFA,Playlist track,,
Chicachiquita featuring Miss Johnna M.,Thunderball,Cinescope,FIFA,Playlist track,,
Work Song - Thievery Corporation Remix,Ray Barretto,"Explorations - Classic Picante Regrooved, Vol. 1",FIFA,Playlist track,,
Mambo Mindoro - Hex Hector Remix,Cal Tjader,"Explorations - Classic Picante Regrooved, Vol. 1",FIFA,Playlist track,,
