Artist,Song,Game
070 Shake,Morrow,2021
Aitch,MICE,2021
Alfie Templeman,Wish I Was Younger,2021
"Anitta, Myke Towers, Cardi B",Me Gusta (with Cardi B & Myke Towers),2021
Biig Piig,Don't Turn Around,2021
Buju Banton,Unity,2021
"Carlos Sadness, Bomba Estero",Aloha,2021
Celeste,Stop This Flame,2021
Chloe Black,Sacrifice,2021
De Lux,Cool Up,2021
Domino Saints,BUYA,2021
"Dua Lipa, The Blessed Madonna",Love Is Religion (The Blessed Madonna Remix),2021
Dylan Fraser,Vipers,2021
"Everything Is Recorded, Infinite Coles, BERWYN",01:32AM / WALK ALONE,2021
Fireboy DML,Scatter,2021
Glass Animals,Heat Waves,2021
ICEKIID,ErruDumEllaHvad,2021
KAWALA,Ticket To Ride,2021
LA Priest,Beginning,2021
LARRY PINK THE HUMAN,MIGHT DELETE LATER,2021
Leyma,been a minute,2021
"Louis The Child, EARTHGANG",Big Love (with EARTHGANG),2021
Madame Ghandhi,Bad Habits,2021
Mike Sabath,Good Energy,2021
Nia Wyn,Who Asked You,2021
Nnena,Work It Out,2021
Oliver Malcolm,Switched Up,2021
Oscar Lang,Apple Juice,2021
박혜진 Park Hye Jin,Like this,2021
Royal Blood,Trouble's Coming,2021
"Steam Down, Afronaut Zu",Etcetera,2021
Still Woozy,Window,2021
Tame Impala,Is It True,2021
"tha Supreme, Dani Faiv",no14 - feat. Dani Faiv,2021
The Snuts,That's All It Is,2021
Zaia,SHADE,2021
Another Sky,The Cracks,2020
Apre,Come Down,2020
BJ the Chicago Kid,Feel the Vibe,2020
Buscabulla,Vamono,2020
Cautious Clay,Erase,2020
Child of the Parish,Before the Moment's Gone,2020
Colouring,Oh My God!,2020
Danay Suarez,La Razon del Equilibrio,2020
Dennis Lloyd,Wild West,2020
Dominic Fike,Phone Numbers,2020
Everyone You Know,She Don't Dance,2020
Fieh,Glu,2020
Flume,Running Back,2020
Foals,The Runner,2020
Friedberg,Go Wild,2020
Goldlink,Zulu Screams,2020
Half Alive,Runaway,2020
Hot Chip,Positive,2020
Jai Paul,He,2020
Janice,Hearts Will Bleed,2020
JB Scofield,Stretch It,2020
Jevon,Lil Ze,2020
Judah & The Lion,Why Did You Run?,2020
JYyllowL,Ozone,2020
Kamakaze x Massappeals,Last Night,2020
Kojey Radical,Where Do I Begin?,2020
Loyle Carner,Angel,2020
Major Lazer,Que Calor,2020
Masego,Big Girls,2020
Milky Chance,Fado,2020
MNDR,Save Me,2020
Obongjayer,Frens,2020
P Money,Where and When,2020
Pixx,Funsize,2020
Rosalia & Ozuna,"Yo x Ti, Tu x Mi",2020
Sampa the Great,OMG,2020
Skepta,Same Old Story,2020
Sofi Tukker,Swing,2020
Suzi Wu,Highway,2020
The Knocks & Kah-lo,Awa Ni,2020
The SLP,Favourites,2020
Tierra Whack,Unemployed,2020
Ttrruuces,I'm Alive,2020
Andreya Triana,Beautiful People,2019
Atomic Drum Assembly,Island Life,2019
Bakar,Big Dreams,2019
Bantu & Dr. Chaii,Jackie Chan,2019
Bas,Tribe feat. J. Cole,2019
BC Unidos,Take It Easy feat. U.S. Girls and Ledinsky,2019
Bearson,It's Not This feat. Lemaitre and Josh Pan,2019
Billie Eilish,you should see me in a crown,2019
Bob Moses,Heaven Only Knows,2019
Broods,Peach,2019
Bugzy Malone,Ordinary People,2019
Childish Gambino ,Feels Like Summer,2019
Confidence Man,Out the Window,2019
Courtney Barnett,City Looks Pretty,2019
Crystal Fighters,Another Level,2019
Death Cab for Cutie,Gold Rush,2019
Easy Life,Pockets,2019
Ghali,Habibi,2019
Gizmo Varillas & Baio,Losing You (Baio Remix),2019
Gorillaz,Sorcererz,2019
Hans Zimmer ft. Vince Staples,Champions League Remix,2019
Husky Loops feat. MEI & Count Counsellor,Everytime I Run,2019
Jacob Banks,Love Ain't Enough,2019
Jungle,Beat 54 (All Good Now),2019
Kojey Radical,Water with Mahalia & Swindle,2019
LADAMA,Porro Maracatu (TOY SELECTAH Remix),2019
Lao Ra,Pa'lante,2019
Logic,Warm It Up feat. Young Sinatra,2019
"LSD (Labrinth, Sia, Diplo)",Genius,2019
Mansionair,Violet City,2019
No/Me,Consistent,2019
NoMBe,Drama feat. Big Data,2019
Ocean Wisdom,Tom & Jerry,2019
Octavian,Lightning,2019
Peggy Gou,It Makes You Forget (Itgehane),2019
Sam Fender,Play God,2019
Stealth,Truth Is,2019
Stereo Honey,Where No One Knows Your Name,2019
SUN SILVA,Blue Light,2019
Tom Misch,"Good To Be Home feat. Loyle Carner, Barney Artist, Rebel Kleff",2019
Tove Styrke,Sway,2019
Wovoka Gentle,1000 Opera Singers Working In Starbucks,2019
Yolanda Be Cool,Musika feat. Kwanzaa Posse,2019
Young Fathers,Border Girl,2019
alt-J,Deadcrush,2018
Avelino (feat. Stormzy & Skepta),Energy,2018
Bad Sounds,Wages,2018
Baloji,L'Hiver Indien,2018
BORNS,Faded Heart,2018
Cut Copy,Standing In The Middle Of The Field (Radio Edit),2018
Django Django,Tic Tac Toe,2018
IDER,King Ruby,2018
Kimbra,On Top of the World,2018
Kovic,Drown,2018
Lorde,Supercut,2018
Mondo Cozmo,Automatic (New Edit),2018
Mura Masa,Helpline feat. Tom Tripp,2018
ODESZA,La Ciudad,2018
Off Bloom,Falcon Eye,2018
Oliver,Heart Attack feat. De La Soul,2018
Outsider,Miol Mor Mara,2018
Perfume Genius,Slip Away,2018
Phantoms,Throw It In The Fire,2018
Portugal. The Man,Live In The Moment,2018
RAC,Beautiful Game feat. St. Lucia,2018
Residente,Dagombas en Tamale,2018
Rex Orange County,Never Enough,2018
Run The Jewels,Mean Demeanor,2018
Sir Sly,&Run,2018
Slowdive,Star Roving,2018
Sneakbo feat. Giggs,Active,2018
Sofi Tukker,"Best Friend feat. NERVO, The Knocks, and Alisa UENO",2018
Superorganism,Something For Your M.I.N.D.,2018
Tash Sultana,Jungle,2018
Teme Tan,Ca Va Pas La Tete?,2018
The Amazons,Stay with Me,2018
The National,The System Only Dreams In Total Darkness,2018
The War On Drugs,Holding On,2018
The XX,Dangerous,2018
Tom Grennan,Found What I've Been Looking For,2018
Toothless,Sisyphus,2018
Vessels,Deflect The Light feat. The Flaming Lips,2018
Washed Out,Get Lost,2018
Appeals,Bayonne,2017
Balkan Beat Box,I Trusted U,2017
Barns Courtney,Hobo Rocket,2017
Bastille,Send Them Off!,2017
Beaty Heart,Slide to the Side,2017
Beck,NEW SONG,2017
Bishop Briggs,Be Your Love,2017
Bob Moses,Tearing Me Up (RAC Mix),2017
Capital Cities,Vowels,2017
Catfish and the Bottlemen,Postpone,2017
Ceci Bastida,Un Sueno feat. Aloe Blacc,2017
Compass: Mexican Institute Of Sound + Toy Selectah,"Explotar feat. Rob Birch, Kool A.D., Emicida, Maluca",2017
Declan McKenna,Isombard,2017
Digitalism,Shangri-La,2017
DMA's,Play It Out,2017
Empire Of The Sun,High And Low,2017
Formation,Pleasure,2017
Glass Animals,Youth,2017
Grouplove,Don't Stop Making It Happen,2017
HUNTAR,Anyway,2017
Jack Garratt,Surprise Yourself,2017
Jagwar Ma,O B 1,2017
KAMAU,Justfayu feat. No Wyld,2017
Kasabian,Comeback Kid,2017
Kygo,Raging feat. Kodaline,2017
Lemaitre,We Got U feat. The Knocks,2017
Lewis Del Mar,Painting (Masterpiece),2017
Lola Coca,Love Songs,2017
LOYAL,Moving As One,2017
Lucius,Almighty Gosh,2017
NGOD,Blue,2017
Oliver,Electrify feat. Scott Mellis,2017
Paper Routes,Chariots,2017
Paul Kalkbrenner,(Let Me Hear You) Scream,2017
Phantogram,Same Ol Blues,2017
Porter Robinson & Madeon,Shelter,2017
Rat Boy,Get Over It,2017
Rocco Hunt,Sto Bene Cosi,2017
SAFIA,Bye Bye,2017
Saint Motel,Move,2017
Skott,Porcelain,2017
Society,Protocol,2017
Sofi Tukker,Johny,2017
Souls,Satisfied,2017
Spring King,Who Are You?,2017
ST feat. Marta Kot,Vera i Nadezhda (WIN),2017
Systema Solar,Rumbera,2017
Tourist,Run,2017
Two Door Cinema Club,Are We Ready? (Wreck),2017
Zedd & Grey,Adrenaline,2017
ZHU,Money,2017
All Tvvins,Darkest Ocean,2016
April Towers,A Little Bit of Fear,2016
Atlas Genius,Stockholm,2016
AURORA,Conqueror,2016
Baiana System,Playsom,2016
Baio,Sister of Pearl,2016
BANNERS,Shine a Light,2016
Bastille,Hangin',2016
Beck,Dreams,2016
Bomba Estero,Soy Yo,2016
BORNS,Fool,2016
Coasts,Tonight,2016
Disclosure,Omen feat. Sam Smith,2016
Durante,Slow Burn feat. Chuck Ellis,2016
Everything Everything,Distant Past,2016
Foals,Mountain At My Gates,2016
Gin Wigmore,New Rush,2016
Icona Pop,Emergency,2016
Jax Jones,Yeah Yeah Yeah,2016
John Newman,Tiring Game feat. Charlie Wilson,2016
Kaleo,Way Down We Go,2016
Kygo,ID,2016
Louis the Child,It's Strange feat. K. Flay,2016
Miami Horror,All It Ever Was,2016
No Wyld,Let Me Know,2016
Nothing But Thieves,Trip Switch,2016
Of Monsters and Men,Crystals,2016
Parade of Lights,Feeling Electric,2016
"RAC, Nate Henricks",Back of the Car,2016
Raury,Crystal Express,2016
Seinabo Sey,Preend,2016
Skylar Grey feat. X Ambassadors,Cannonball,2016
Slaptop,Walls,2016
Speelburg,Lay It Right,2016
Swim Deep,One Great Song And I Could Change The World,2016
The Royal Concept,Smile,2016
The Very Best ,Makes A King feat. Jutty Taylor,2016
Tiggs Da Author,Run,2016
Unknown Mortal Orchestra,Can't Keep Checking My Phone,2016
X-Wife,Movin' Up,2016
Years & Years,Gold ( Edit),2016
Zibra,Goodbye Mondays,2016
A-Trak,Push (Featuring Andrew Wyatt),2015
AVICII,The Nights,2015
Bang La Decks,Utopia feat. Dominique Young Unique,2015
Broods,L.A.F.,2015
ChocQuibTown,Uh La La,2015
Death From Above 1979,Crystal Ball,2015
Dirty South,Tunnel Vision feat. SomeKindaWonderful,2015
Elliphant,Purple Light feat. Doja Cat,2015
Elliphant,All or Nothing,2015
Emicida feat. Rael,Levanta e Anda,2015
Fmlybnd,Come Alive,2015
Foster the People,Are You What You Want To Be?,2015
Jacob Banks,Move With You,2015
Joywave,Tongues feat. Kopps,2015
Jungle,Busy Earnin',2015
Kasabian,Stevie,2015
Kinski Gallo,Cumbia Del Corazon,2015
Kwabs,Walk,2015
Lowell,Palm Trees,2015
Madden Brothers,We Are Done,2015
Madeon,Imperium,2015
Magic Man,Tonight,2015
Milky Chance,Down by the River,2015
MPB4,Agibore (Marky's Ye-Mele Refix),2015
Nico & Vinz,When The Day Comes,2015
Polock,Everlasting,2015
Prides,Out of the Blue,2015
Rudimental,Give You Up feat. Alex Clare (World Cup Remix),2015
Saint Motel,My Type,2015
Saint Raymond,Wild Heart,2015
Sante Les Amis,Brasil,2015
Slaptop,Sunrise,2015
Teddybears,Sunshine feat. Natalie Storm,2015
Tensnake,Pressure feat. Thabo,2015
The Griswolds,16 Years,2015
The Kooks,Around Town,2015
The Mountains,The Valleys,2015
The Ting Tings,Super Critical,2015
tUnE-yArDs,Water Fountain,2015
Vance Joy,Mess Is Mine,2015
American Authors,Hit It,2014
Amplify Dot,Get Down,2014
Bloc Party,Ratchet,2014
Chvrches,We Sink,2014
Crystal Fighters,Love Natural,2014
Dan Croll,Compliment Your Soul,2014
David Dallas,Runnin',2014
De Staat,Down Town,2014
Disclosure,F for You,2014
Empire of the Sun,Alive,2014
Foals,My Number (Trophy Wife Remix),2014
Grouplove,I'm With You,2014
Guards,I Know It's You,2014
Illya Kuryaki & The Valderramas,Funky Futurista,2014
Jamie N Commons,Marathon,2014
John Newman,Love Me Again,2014
Karol Conka,BoaNoite,2014
Ki:Theory,Kitty Hawk,2014
Los Rakas,Hot,2014
Marcelo D2,Voce Diz Que o Amor Nao Doi,2014
Miles Kane,Don't Forget Who You Are,2014
OK KID,Am Ende,2014
Oliver,Mechanical,2014
Olympic Ayres,Magic,2014
Robert DeLong,Here,2014
Rock Mafia Ft. Wyclef Jean And David Correy,I Am,2014
Smallpools,Dreaming,2014
The 1975 ,The City,2014
The Chain Gang of 1974,Miko,2014
The Colourist,Little Games (St. Lucia Remix),2014
The Naked and Famous,Hearts Like Ours,2014
The Royal Concept,On Our Way,2014
Vampire Weekend,Worship You,2014
Wretch 32,24 Hours,2014
You Me At Six,Lived a Lie,2014
Animal Kingdom,Get Away With It,2013
Ashtar Command,Mark IV feat. Joshua Radin,2013
Astro,Panda,2013
Band Of Horses,Feud,2013
Bastille,"Weight Of Living, Part 2",2013
Bloc Party,We Are Not Good People,2013
Cali,Outta My Mind,2013
Chevin,Champion,2013
Clement Marfo and The Frontline,Us Against The World,2013
Crystal Fighters,Follow,2013
deadmau5 feat. Gerard Way,Professional Griefers,2013
Django Django,Hail Bop,2013
Duologue,Get Out While You Can,2013
Elliphant,TeKKno Scene feat. Adam Kanyama,2013
Featurecast,Got That Fire (Oh La Ha) (feat. Pugs Atomz),2013
Fitz And The Tantrums,Spark,2013
Flo Rida feat. Lil Wayne,Let It Roll Part 2,2013
Foreign Beggars and Bare Noise,See The Light,2013
Hadoen!,Bliss Out,2013
Imagine Dragons,On Top of the World,2013
Jagwar Ma,What Love,2013
Jonathan Boulet ,You're a Animal,2013
Kasabian,Club Foot,2013
Kimbra,Come Into My Head,2013
Kitten,G#,2013
Kraftklub,Eure Madchen,2013
Ladyhawke,Black White & Blue,2013
Madeon,Finale,2013
Matisyahu,Searchin,2013
Metric,Speed The Collapse,2013
Miike Snow,Paddling Out,2013
Passion Pit,I'll Be Alright,2013
Reptar,Sweet Sipping Soda,2013
Reverend And The Makers,Shine The Light,2013
Rock Mafia,Fly Or Die,2013
Royal Teeth,Wild,2013
Santigold,Big Mouth,2013
St. Lucia,September,2013
Stepdad,Jungles,2013
The Enemy,Saturday,2013
The Heavy,Don't Say Nothing,2013
The Presets,Ghosts,2013
The Royal Concept,Goldrsuhed,2013
Two Door Cinema Club,Sleep Alone,2013
Walk The Moon,Quesadilla,2013
Wretch 32,Blur,2013
Young Empires,Rain of Gold,2013
Youngblood Hawke,We Come Running,2013
Zemaria,Past 2,2013
Alex Metric & Steve Angello,Open Your Eyes,2012
All Mankind,Break The Spell,2012
Architecture in Helsinki,Escapee,2012
Bloco Bleque / Gabriel O Pensador,So Tem Jogador,2012
Chase & Status,No Problem,2012
Crystal Castles / Robert Smith,Not In Love,2012
CSS,Hits Me Like A Rock,2012
Cut Copy,Where I'm Going,2012
Digitalism,Circles,2012
DJ Raff,Latino & Proud,2012
El Guincho,Bombay (Fresh Touch Dub Mix),2012
Empresarios,Sabor Tropical,2012
Foster the People,Call It What You Want,2012
Givers,Up Up Up,2012
Glasvegas,The World Is Yours,2012
Graffiti6,Stare Into The Sun,2012
Grouplove,Colours (Captain Cutz Remix),2012
Japanese Popstars,Let Go,2012
Kasabian,Switchblade Smiles,2012
La Vida Boheme,El Buen Salvaje,2012
Little Dragon,Nightlight,2012
Macaco,Una Sola Voz,2012
Marteria feat. Yasha,Verstrahlt,2012
Monarchy,The Phoenix Alive (Kris Menace Remix),2012
Pint Shot Riot,Twisted Soul,2012
Portugal. The Man,Got It All (This Can't Be Living Now),2012
Rock Mafia,The Big Bang,2012
Spank Rock,Energy,2012
The Chain Gang Of 1974,Hold on,2012
The Hives,Thousand Answers,2012
The Medics,City,2012
The Naked & Famous,Punching In A Dream,2012
The Strokes,Machu Picchu,2012
Tying Tiffany,Drownin',2012
The Ting Tings,Hands,2012
The Vaccines,Wreckin' Bar (Ra Ra Ra),2012
Thievery Corporation,Stargazer,2012
Tittsworth & Alvin Risk feat. Maluca,La Campana,2012
TV On the Radio,Will Do,2012
Artist,Song,2011
Adrian Lux,Can't Sleep,2011
Ana Tijoux,1977,2011
Caribou,Odessa,2011
Charlotte Gainsbourg,Trick Pony,2011
Choc Quib Town,El Bombo,2011
Chromeo,Don't Turn the Lights On,2011
Dan Black,Wonder,2011
Dapuntobeat,:O,2011
Dum Dum Girls,It Only Takes One Night,2011
Ebony Bones,W.A.R.R.I.O.R.,2011
Gorillaz,Rhinestone Eyes,2011
Groove Armada,Paper Romance,2011
Howl,Controller,2011
Jonsi,Around Us,2011
Jump Jump Dance Dance,White Picket Fences,2011
Ladytron,Ace of Hz,2011
LCD Soundsystem,I Can Change,2011
Linkin Park,Black Out,2011
Locnville,Sun In My Pocket,2011
Malachai,Snowflake,2011
Maluca,El Tigeraso,2011
Mark Ronson feat. Simon Le Bon and Wiley,Record Collection,2011
Massive Attack,Splitting the Atom,2011
MGMT,Flash Delirium,2011
Ram Di Dam,Flashbacks,2011
Scissor Sisters,Fire With Fire,2011
The Black Keys,Tighten Up,2011
The Pinker Tones,Sampleame,2011
Tulipa,Efemera,2011
Two Door Cinema Club,I Can Talk,2011
We Are Scientists,Rules Don't Stop,2011
Yeasayer,O.N.E.,2011
Zemaria,The Space Ahead,2011
Auletta,Meine Stadt,2010
Balkan Beat Box feat. Tomer Yosef and Saz,Ramallah Tel Aviv,2010
BLK JKS,Lakeside,2010
Bomba Estero,Fuego,2010
Buraka Som Sistema feat. Pongolove,Kalemba,2010
CasioKids,Fot I Hose,2010
Children Collide,Skeleton Dance,2010
Cut Off Your Hands,Happy As Can Be,2010
Dananananaykroyd,Black Wax,2010
Datarock,Give It Up,2010
Fabri Fibra,Donna Famosa,2010
Fidel Nadal,International Love,2010
Los Fabulosos Cadillacs,La Luz del Ritmo,2010
Macaco,Hacen Falta Dos,2010
Major Lazer feat. Mr. Lexx and Santigold, Hold the Line,2010
Marcio Local,Soul do Samba,2010
Matt & Kim,Daylight,2010
Metric,Gold Guns Girls,2010
Mexican Institute of Sound,Alocatel,2010
Nneka feat. Wesley Williams,Kangpe,2010
Passion Pit,Moth's Wings,2010
Peter Bjorn and John,Nothing to Worry About,2010
Pint Shot Riot,Not Thinking Straight,2010
Playing for Change,War,2010
Rocky Dawuni,Download the Revolution,2010
Royksopp,It's What I Want,2010
SoShy,Dorothy,2010
The Answering Machine,It's Over! It's Over! It's Over!,2010
The BPA feat. Ashley Beedle,Should I Stay or Should I Blow,2010
The Enemy,Be Somebody,2010
The Whitest Boy Alive,1517,2010
Tommy Sparks,She's Got Me Dancing,2010
Wyclef Jean,MVP Kompa,2010
Zap Mama,Vibrations,2010
Caesar Palace,1ne,2009
Chromeo,Bonafied Lovin' (Yuksek Remix),2009
CSS,Jager Yoga,2009
Curumin,Magrela,2009
Cut Copy,Lights And Music,2009
"Damian ""Jr. Gong"" Marley",Something For You (One Loaf Of Bread),2009
Datarock,True Stories,2009
DJ Bitman,Me Gustan,2009
Duffy,Mercy,2009
Foals,Olympic Airways,2009
Gonzales,Working Together (Boys Noize Remix),2009
Hot Chip,Ready For The Floor (Soulwax Remix),2009
Jakobinarina,I'm A Villain,2009
Junkie XL feat. Electrocute,Mad Pursuit,2009
Jupiter One,Platform Moon,2009
Kasabian,Fast Fuse,2009
Ladytron,Runaway,2009
Lykke Li,I'm Good I'm Gone,2009
Macaco,Movin',2009
MGMT,Kids,2009
My Federation,What Gods Are These,2009
Najwajean,Drive Me,2009
Plastilina Mosh,Let U Know,2009
Radiopilot,Fahrrad,2009
Reverend And The Makers,Open Your Window,2009
Sam Sparro,Black & Gold,2009
Senor Flavio,Lo Mejor Del Mundo,2009
Soprano,Victory,2009
The Airborne Toxic Event,Gasoline,2009
The Black Kids,I'm Not Gonna Teach Your Boyfriend How To Dance With You (The Twelves Remix),2009
The Bloody Beetroots,Butterfly,2009
The Fratellis,Tell Me A Lie,2009
The Heavy,That Kind Of Man,2009
The Kissaway Trail,61,2009
The Kooks,Always Where I Need To Be,2009
The Pinker Tones,The Whistling Song,2009
The Script,The End Where I Begin,2009
The Ting Tings,Keep Your Head,2009
The Veronicas,Untouched,2009
The Whip, Muzzle #1,2009
Tom Jones,Feels Like Music (Junkie XL Remix),2009
Ungdomskulen,Modern Drummer,2009
!!!,All My Heroes Are Weirdos,2008
Apartment,Fall into Place,2008
Art Brut,Direct Hit,2008
Aterciopelados,Paces,2008
Babamars,The Core,2008
Bodyrox feat. Luciana,What Planet You On?,2008
Bonde do Role,Solta o Frango,2008
CAMP,From Extremely Far Away,2008
Carpark North,Human,2008
Ceu,Malemolencia,2008
Cheb i Sabbah,Toura Toura: Nav Deep Remix,2008
Cansei de Ser Sexy,Off the Hook,2008
Datarock,Fa-Fa-Fa,2008
Digitalism,Pogo,2008
Disco Ensemble,We Might Fall Apart,2008
Dover,Do Ya,2008
Heroes & Zeros,Into the Light,2008
Ivy Queen,Que Lloren,2008
Kenna,Out of Control (State of Emotion),2008
k-os,Born to Run,2008
La Rocca,Sketches (20 Something Life),2008
Lukas Kasha,Love Abuse,2008
Madness feat. Sway and Baby Blue,I'm Sorry,2008
Maximo Park,The Unshockable,2008
Melody Club,Fever Fever,2008
Mexican Institute of Sound,El Microfono,2008
Modeselektor feat. Sasha Perera,Silikon,2008
Noisettes,Don't Give Up,2008
Pacha Massive,Don't Let Go,2008
Peter Bjorn and John,Young Folks,2008
Planet Funk,Static,2008
Robyn,Bum Like You,2008
Rocky Dawuni,Wake Up the Town,2008
Santigold,You'll Find a Way,2008
Simian Mobile Disco,I Believe,2008
Superbus,Butterfly,2008
Switches,Drama Queen,2008
The Automatic,Monster,2008
The Cat Empire,Sly,2008
The Hoosiers,Goodbye Mr A,2008
The Hours,Ali in the Jungle,2008
The Tellers,More,2008
Tigarah,"Culture, Color, Money, Beauty",2008
Travis,Closer,2008
Tumi & the Volume,Afrique,2008
Vassy,Wanna Fly,2008
Wir sind Helden,Endlich ein Grund zur Panik,2008
Yonderboi,Were You Thinking Of Me?,2008
Angelique Kidjo,Wele Wele,2007
Belasco,Chloroform,2007
Bersuit Vergarabat,O Vas a Misa,2007
Bitman & Roban,Get on the Floor,2007
Blasted Mechanism,Blasted Empire,2007
Boy Kill Boy,Civil Sin,2007
caBas,La Cadena de Oro,2007
Carlos Jean,Get Down,2007
D.O.C.H.!,Was in der Zeitung Steht,2007
Elefant,Uh-oh Hello,2007
Epik High,Fly,2007
"Fertig, Los!",Sie ist in Mich Verliebt,2007
Infadels,Can't Get Enough (Mekon Remix),2007
Malibu Stacy,Los Angeles,2007
Mellowdrone,Oh My,2007
Mobile,New York Minute,2007
Morning Runner,Gone Up in Flames,2007
Muse,Supermassive Black Hole,2007
Nightmare of You,"Dear Scene, I Wish I Were Deaf",2007
Outlandish,Kom Igen,2007
Paul Oakenfold,Beautiful Goal,2007
Persephone's Bees,Muzika Dyla Fil'ma (Music For Film),2007
Plastilina Mosh,Peligroso Pop,2007
Polysics,Tei! Tei! Tei!,2007
The Prototypes,Kaleidoscope,2007
Ralph Myerz and the Jack Herren Band,Deepest Red,2007
Seu Jorge,Tive Razao,2007
Shiny Toy Guns,You Are the One,2007
Stijn,Gasoline and Matches,2007
Surferosa,Royal Uniform,2007
Tahiti 80,Big Day,2007
The Feeling,Sewn,2007
The Pinker Tones,TMCR Grande Finale,2007
The Sheer,Understand,2007
The Young Punx,You've Got To...,2007
Tigarah,Girl Fight,2007
Trash Inc.,Punk Rock Chick,2007
Us3,Kick This,2007
Young Love,Discotech,2007
3D Voz,Fiesta,2006
AK4711,Rock,2006
Bloc Party,Helicopter,2006
Blues Brother Castro,Flirt,2006
boTECOeletro,Coco Nutz Mass,2006
Boy,Same Old Song,2006
Carlinhos Brown & DJ Dero,Nabika,2006
Damian (Jr. Gong) Marley,Welcome to Jamrock,2006
Dogs,London Bridge,2006
Dove,Black and White Town,2006
Duels,Potential Futures,2006
Embrace,Ashes,2006
Hard-Fi,Gotta Reason,2006
Jamiroquai,Feels Just Like It Should,2006
Kaos,Now and Forever,2006
Kinky,Coqueta,2006
K'naan,Soobax,2006
KYO,Contact,2006
LCD Soundsystem,Daft Punk Is Playing At My House,2006
Linea 77,Inno All'Odio,2006
Mando Diao,God Knows,2006
maNga,Bir Kadin Cizeceksin,2006
Marcelinho da Lua,Tranquilo,2006
Nine Black Alps,Cosmopolitan,2006
Oasis,Lyla,2006
Paul Oakenfold,Beautiful Goal,2006
Royksopp,Follow My Ruin,2006
Selasee,Run,2006
SoShy,The Way I,2006
Subsonica,Corpo a Corpo,2006
Teddybears STHLM,Cobrastyle,2006
The Departure,Be My Enemy,2006
The Film,Can You Touch Me,2006
The Gift,11.33,2006
The Rakes,Strasbourg,2006
Vitalic,My Friend Dario,2006
Yerba Buena,Cityzen Citysoy,2006
Air,Surfing on a Rocket,2005
Brothers,Dieci Cento Mille,2005
Clorofila of Nortec Collective,Almada,2005
Debi Nova,One Rhythm (Do Yard Riddim Mix),2005
Emma Warren,Wants U Back,2005
Faithless,No Roots,2005
Ferry Corsten,"Rock Your Body, Rock",2005
Flogging Molly,To Youth (My Sweet Roisin Dubh,2005
Franz Ferdinand,Tell Her Tonight,2005
Future Funk Squad,Sorcerary,2005
Gusanito,Vive La Vida,2005
Head Automatica,Brooklyn Is Burning,2005
Inverga + Num Kebra,Eu Perdi Voce,2005
Ivete Sangalo,Sorte Grande,2005
INXS,What You Need (Coldcut Force Mix 13 Edit),2005
Jose,A Necessidade,2005
Los Amigos Invisibles,Esto Es Lo Que Hay (Reggaeton Remix),2005
Mala Rodriguez,"Jugadoras, Jugadores",2005
Manana,Miss Evening,2005
Marcelo D2,Profissao MC,2005
Miss J,Follow Me,2005
Morrissey,"Irish Blood, English Heart",2005
Nachlader,An die Wand,2005
New Order,Blue Monday,2005
Oomph!,Augen Auf!,2005
Paul Oakenfold,Beautiful Goal,2005
Sandro Bit,Ciao Sono lo,2005
Sarah McLachlan,World On Fire (Junkie XL Remix),2005
Scissor Sisters,Take Your Mama,2005
Seeed,Release,2005
Sneak Attack Tigers,The End of All Good,2005
Soul'd Out,"1,000,000 Monsters Attack",2005
The Sounds,Seven Days a Week,2005
The Soundtrack of Our Lives,Karmageddon,2005
The Streets,Fit But You Know It,2005
Wayne Marshall,Hot In the Club,2005
Zion y Lennox,Ahora,2005
Asian Dub Foundation,Rise To The Challenge,2004
Babamania,Wanna Rock,2004
Caesars,Jerk It Out,2004
Cafe Tacuba ,Eo (El Sonidero),2004
DJ Sensei,Force,2004
Goldfrapp,Train,2004
Junior Senior,Rhythm Bandits,2004
Kane,Rain Down on Me (Tiesto Remix),2004
Kasabian,L.S.F,2004
Kings Of Leon,Red Morning Light,2004
Lostprophets,"Burn, Burn",2004
Paul van Dyk,Nothing But You,2004
Radiohead,Myxomatosis,2004
Suburbia,Always,2004
The Clones,Crazy Boys,2004
The Cooper Temple Clause,"Promises, Promises",2004
The Dandy Warhols,We Used to Be Friends,2004
The Individuals,Take A Ride,2004
The Jam,Town Called Malice,2004
The Raveonettes,That Great Love Sound,2004
The Stone Roses,Fools Gold,2004
Timo Maas,Unite,2004
Tosca,Gute Laune,2004
Tribalistas,Ja Sei Namorar,2004
Underworld,Two Months Off,2004
Vicentico,Se Despierta La Ciudad,2004
Wir sind Helden,Guten Tag,2004
Zeca Pagodinho,Deixa A Vida Me Levar,2004
a.mia,Jumpin to the Moon (Unexplored Field Mix),2003
Antiloop,In My Mind,2003
Avril Lavigne,Complicated (Pablo La Rossa Vocal Mix),2003
Bedroom Rockers,Drivin,2003
Dax Riders,Force,2003
Idlewild,You Held the World in Your Arms,2003
Kosheen,Hide U,2003
Kosheen,Pride,2003
Ms. Dynamite,Dy-Na-Mi-Tee,2003
Safri Duo,Played A-Live (The Bongo Song),2003
Sportfreunde Stiller,Independent,2003
Spotrunnaz,Bigger and Better,2003
Timo Maas,To Get Down (Fatboy Slim Remix),2003
BT,Never Gonna Come Back Down (Hybrid's Echoplex Dub),2002
Cirrus,Stop and Panic,2002
Conjure One,Redemption (Max Graham's Dead Sea Mix),2002
DJ Tiesto,Flight 643,2002
Gorillaz,19-2000 (Soulchild Remix),2002
Gouryella,Tenshi,2002
Issi Noho,First Snow (General Midi Remix),2002
R4,Revolution,2002
Sandy vs Housetrap,Overdrive,2002
Schiller,Das Glockenspiel (Tiesto Remix),2002
Terpsichord,The Bells,2002
The Edison Factor,Repeat the Sequence,2002
Vitae,Energy Flow,2002
Curve,Chinese Burn (Lunatic Calm Remix),2001
Grand Theft Audio,We Luv You,2001
Moby,Bodyrock,2001
The Source,Fly Away,2001
Utah Saints,Funky Music (Levent's Funk-o-Rama Short Edit),2001
Utah Saints,Power to the Beats,2001
Apollo 440,Stop The Rock,2000
Elite Force,Call It Brisco (And Why Not?),2000
Gay Dad,Joy!,2000
Junior Blanks,All About Beats (DJ Scissoricks Mix),2000
Lunatic Calm,LC001 (Neon Ray Mix),2000
Reel Big Fish,Sell Out,2000
Robbie Williams,It's Only Us,2000
Sniper,Cross Fader Dominator,2000
Danmass,Gotta Learn (Dub Pistols Sick Junkie Remix),1999
Dylan Rhymes,Naked and Ashamed,1999
Fatboy Slim,The Rockafeller Skank,1999
Gearwhore,Passion,1999
God Within,Raincry (Spiritual Thirst),1999
Lionrock,Rude Boy Rock,1999
Blur,Song 2,1998
The Crystal Method,Keep Hope Alive,1998
The Crystal Method,More,1998
The Crystal Method,Now Is the Time (iCloud Remix),1998
The Crystal Method,Busy Child,1998
Electric Skychurch,Hugga Bear,1998